{
  "93": {
    "caption": "A white robot is next to a black laptop on a wooden table, with the robot having a metal arm and gripping the laptop.",
    "task_description": "Open the laptop."
  },
  "17": {
    "caption": "A robot holding a laptop is near a table with a white background, the robot has a grey arm and is connected to three tubes.",
    "task_description": "Open the laptop."
  },
  "82": {
    "caption": "A wooden table holds a black laptop, with a robot arm and gripper nearby, ready to open the laptop.",
    "task_description": "Open the laptop."
  },
  "19": {
    "caption": "A black laptop is on a light brown wooden table, with a white robot having a metal arm and gripper nearby.",
    "task_description": "Open the laptop."
  },
  "15": {
    "caption": "A black laptop is on a light brown wooden table, with a white robot having a metal arm and gripper nearby.",
    "task_description": "Open the laptop."
  },
  "86": {
    "caption": "A black laptop is on a light brown wooden table, with a white robot having a metal arm and gripper nearby.",
    "task_description": "Open the laptop."
  },
  "18": {
    "caption": "A black laptop is on a light brown wooden table, with a white robot having a gripper and arm close by, attempting to open the laptop.",
    "task_description": "Open the laptop."
  },
  "58": {
    "caption": "A white robot is next to a black laptop on a wooden table, with the robot's arm and gripper positioned to interact with the laptop. The laptop is open, and the robot's task is to open it further.",
    "task_description": "Open the laptop."
  },
  "80": {
    "caption": "A robot holding a laptop is near a table with a wooden surface and a white wall in the background.",
    "task_description": "Open the laptop."
  },
  "92": {
    "caption": "A white robot is next to a black laptop on a wooden table, with the robot's arm and gripper positioned to interact with the laptop. The laptop is open, and the robot's task is to open it further.",
    "task_description": "Open the laptop."
  },
  "62": {
    "caption": "A white robot is next to a black laptop on a wooden table, with the robot having a metal arm and a gray panel on its back.",
    "task_description": "Open the laptop."
  },
  "22": {
    "caption": "A black laptop is on a light brown wooden table, with a white robot having a metal arm and gripper nearby, attempting to open the laptop.",
    "task_description": "Open the laptop."
  },
  "89": {
    "caption": "A black laptop is on a light brown wooden table, with a white robot having a gripper and arm close by, attempting to open the laptop.",
    "task_description": "Open the laptop."
  },
  "21": {
    "caption": "A black laptop is on a light brown wooden table, with a white robot having a metal arm and gripper nearby, attempting to open the laptop.",
    "task_description": "Open the laptop."
  },
  "76": {
    "caption": "A black laptop is on a light brown wooden table, with a white robot having a metal arm and gripper nearby. The robot is positioned to interact with the laptop.",
    "task_description": "Open the laptop."
  },
  "24": {
    "caption": "A black laptop is on a light brown wooden table, with a white robot having three connected tubes next to it. The robot's task is to open the laptop.",
    "task_description": "Open the laptop."
  },
  "44": {
    "caption": "A black laptop is on a light brown wooden table, with a silver robot having three connected pipes positioned behind it.",
    "task_description": "Open the laptop."
  },
  "1": {
    "caption": "A white robot is next to a black laptop on a wooden table, with the robot's arm and gripper positioned to interact with the laptop. The laptop has a silver touchpad and a black screen.",
    "task_description": "Open the laptop."
  },
  "90": {
    "caption": "A black laptop is on a light brown wooden table, with a white robot having a gripper and arm close by, attempting to open the laptop.",
    "task_description": "Open the laptop."
  },
  "74": {
    "caption": "A black laptop is on a light brown wooden table, with a white robot having a metal arm and gripper nearby. The laptop has a keyboard and screen, and the robot is close to the laptop.",
    "task_description": "Open the laptop."
  },
  "56": {
    "caption": "A black laptop is on a light brown wooden table, with a white robot having a metal arm and gripper nearby.",
    "task_description": "Open the laptop."
  },
  "28": {
    "caption": "A white robot is next to a black laptop on a wooden table, with the robot's arm and gripper positioned to interact with the laptop. The laptop is open, and the keyboard is visible.",
    "task_description": "Open the laptop."
  },
  "6": {
    "caption": "A robot with several white pipes is standing near a black laptop on a wooden table, which is placed on a brown wooden floor.",
    "task_description": "Open the laptop."
  },
  "96": {
    "caption": "A black laptop is on a light brown wooden table, with a white robot having a gripper and arm near it. The robot is positioned to interact with the laptop.",
    "task_description": "Open the laptop."
  },
  "4": {
    "caption": "A black laptop is on a light brown wooden table, with a white robot having three connected tubes next to it. The robot's task is to open the laptop.",
    "task_description": "Open the laptop."
  },
  "98": {
    "caption": "A black laptop is on a light brown wooden table, with a white robot having a metal arm and gripper nearby, attempting to open the laptop.",
    "task_description": "Open the laptop."
  },
  "47": {
    "caption": "A white robot is next to a black laptop on a wooden table, with the robot having a gripping device and the laptop having a screen and keyboard.",
    "task_description": "Open the laptop."
  },
  "3": {
    "caption": "A white robot is next to a black laptop on a wooden table, with the robot's arm and gripper positioned to interact with the laptop. The laptop is open and resting on the table.",
    "task_description": "Open the laptop."
  },
  "60": {
    "caption": "A black laptop is on a light brown wooden table, with a white robot having a metal arm and gripper nearby. The robot is positioned to interact with the laptop.",
    "task_description": "Open the laptop."
  },
  "35": {
    "caption": "A white table holds a black laptop, with a grey metal robot having three tubes connected to it, positioned to the right of the laptop.",
    "task_description": "Open the laptop."
  },
  "7": {
    "caption": "A robot holding a laptop on a wooden table, with a white wall in the background.",
    "task_description": "Open the laptop."
  },
  "55": {
    "caption": "A robot holding a laptop is near a white table with a black laptop, a white keyboard, and a white wall in the background.",
    "task_description": "Open the laptop."
  },
  "95": {
    "caption": "A white table holds a black laptop, with a grey metal robot having three tubes connected to it, positioned to the right of the laptop.",
    "task_description": "Open the laptop."
  },
  "41": {
    "caption": "A white table holds a black laptop, with a robot arm and hand nearby, ready to perform the task of opening the laptop.",
    "task_description": "Open the laptop."
  },
  "66": {
    "caption": "A white robot is next to a black laptop on a wooden table, with the robot having a metal arm and a gray panel on its back.",
    "task_description": "Open the laptop."
  },
  "49": {
    "caption": "A white table holds a black laptop, with a grey metal robot having three tubes connected to it, positioned to the right of the laptop.",
    "task_description": "Open the laptop."
  },
  "8": {
    "caption": "A black laptop is on a light brown table, with a white robot arm having a gripper and three tubes attached to it. The robot is positioned to the right of the laptop, and the laptop is open.",
    "task_description": "Open the laptop."
  },
  "94": {
    "caption": "A black laptop is on a light brown wooden table, with a white robot having three connected tubes next to it. The robot's task is to open the laptop.",
    "task_description": "Open the laptop."
  },
  "69": {
    "caption": "A black laptop is on a light brown wooden table, with a white robot having a metal arm and gripper nearby. The robot is positioned to interact with the laptop.",
    "task_description": "Open the laptop."
  },
  "48": {
    "caption": "A black laptop is on a light brown wooden table, with a white robot having a metal arm and gripper nearby. The robot is positioned to interact with the laptop.",
    "task_description": "Open the laptop."
  },
  "39": {
    "caption": "A black laptop is on a light brown wooden table, with a white robot having a gripper and arm close by, attempting to open the laptop.",
    "task_description": "Open the laptop."
  },
  "68": {
    "caption": "A robot with several white arms is near an open black laptop on a light brown wooden table, and the robot is interacting with the laptop.",
    "task_description": "Open the laptop."
  },
  "77": {
    "caption": "A black laptop is on a light brown wooden table, with a silver metal robot arm and hand positioned to interact with the laptop.",
    "task_description": "Open the laptop."
  },
  "13": {
    "caption": "A robot with several white arms is near an open black laptop on a light brown wooden table, and the laptop is slightly tilted.",
    "task_description": "Open the laptop."
  },
  "85": {
    "caption": "A white table holds a black laptop, with a grey metal robot having three tubes connected to it, positioned to the right of the laptop.",
    "task_description": "Open the laptop."
  },
  "31": {
    "caption": "A white table holds a black laptop, with a grey metal robot having three tubes connected to it, positioned to the right of the laptop.",
    "task_description": "Open the laptop."
  },
  "73": {
    "caption": "A black laptop is on a light brown wooden table, with a white robot having a metal arm and gripper nearby.",
    "task_description": "Open the laptop."
  },
  "57": {
    "caption": "A white table holds a black laptop, with a grey metal robot having three tubes connected to it, positioned to the right of the laptop.",
    "task_description": "Open the laptop."
  },
  "51": {
    "caption": "A white robot is next to a black laptop on a wooden table, with the robot having a metal arm and a gray panel on its body.",
    "task_description": "Open the laptop."
  },
  "88": {
    "caption": "A robot holding a laptop on a light brown wooden table, with silver hoses connected to the laptop, and a white background behind the table.",
    "task_description": "Open the laptop."
  },
  "99": {
    "caption": "A black laptop is on a light brown wooden table, with a white robot having three connected tubes next to it. The robot's task is to open the laptop.",
    "task_description": "Open the laptop."
  },
  "16": {
    "caption": "A white table with a black laptop, a white robot with three arms, and a wooden floor. The robot is facing the laptop, which is open on the table.",
    "task_description": "Open the laptop."
  },
  "65": {
    "caption": "A robot holding a laptop is near a table with a laptop on it, having a metal arm and a metal base. The laptop is black and open, with a keyboard and touchpad.",
    "task_description": "Open the laptop."
  },
  "83": {
    "caption": "A white table holds a black laptop, with a grey metal robot having three tubes connected to it, positioned to the right of the laptop.",
    "task_description": "Open the laptop."
  },
  "25": {
    "caption": "A gray robot is next to a black laptop on a wooden table, with the robot's arm and hand close to the laptop, ready to open it.",
    "task_description": "Open the laptop."
  },
  "27": {
    "caption": "A white robot is next to a black laptop on a wooden table, with the robot having a metal arm and a gray metal base. The laptop is open, and the robot is facing the laptop.",
    "task_description": "Open the laptop."
  },
  "63": {
    "caption": "A black laptop is on a light brown wooden table, with a white robot having a metal arm and gripper nearby.",
    "task_description": "Open the laptop."
  },
  "64": {
    "caption": "A robot holding a laptop is near a table with a wooden surface and a white wall in the background.",
    "task_description": "Open the laptop."
  },
  "70": {
    "caption": "A black laptop is on a light brown wooden table, with a white robot having a gripper and arm close by, attempting to open the laptop.",
    "task_description": "Open the laptop."
  },
  "12": {
    "caption": "A black laptop is on a light brown wooden table, with a white robot having a metal arm and gripper nearby.",
    "task_description": "Open the laptop."
  },
  "40": {
    "caption": "A black laptop is on a light brown wooden table, with a white robot having a metal arm and gripper nearby, attempting to open the laptop.",
    "task_description": "Open the laptop."
  },
  "53": {
    "caption": "A robot holding a laptop is near a table with a laptop on it, having a metal arm and a metal base. The laptop is black and open, with a grey screen and black keyboard.",
    "task_description": "Open the laptop."
  },
  "75": {
    "caption": "A white robot is next to a black laptop on a wooden table, with the robot's arm and end effector positioned to interact with the laptop. The laptop is open and resting on the table.",
    "task_description": "Open the laptop."
  },
  "37": {
    "caption": "A robot holding a laptop on a wooden table, with a white wall in the background.",
    "task_description": "Open the laptop."
  },
  "84": {
    "caption": "A black laptop is on a light brown wooden table, with a white robot having three connected tubes next to it. The robot is facing the laptop, ready to perform the task.",
    "task_description": "Open the laptop."
  },
  "43": {
    "caption": "A black laptop is on a light brown wooden table, with a silver and black robot arm and metal tubes behind it.",
    "task_description": "Open the laptop."
  },
  "72": {
    "caption": "A robot holding a laptop on a wooden table, with a white wall in the background.",
    "task_description": "Open the laptop."
  },
  "71": {
    "caption": "A white robot is next to a black laptop on a wooden table, with the robot's arm and hand close to the laptop, ready to open it.",
    "task_description": "Open the laptop."
  },
  "42": {
    "caption": "A black laptop is on a light brown wooden table, with a white robot having three connected tubes next to it. The robot's task is to open the laptop.",
    "task_description": "Open the laptop."
  },
  "38": {
    "caption": "A white table holds a black laptop, with a grey metal robot having three tubes connected to it, positioned to the right of the laptop.",
    "task_description": "Open the laptop."
  },
  "34": {
    "caption": "A black laptop is on a light brown wooden table, with a white robot having a gripper and arm nearby. The robot's task is to open the laptop.",
    "task_description": "Open the laptop."
  },
  "61": {
    "caption": "A grey robot is next to a black laptop on a light brown wooden table, with the robot having a metal arm and the laptop having a screen and keyboard.",
    "task_description": "Open the laptop."
  },
  "23": {
    "caption": "A robot holding a laptop on a wooden table, with a white wall in the background.",
    "task_description": "Open the laptop."
  },
  "30": {
    "caption": "A black laptop is on a light brown table, with a white robot arm having a gripper and three tubes attached to it. The robot is positioned to the right of the laptop, and the laptop is open with its keyboard facing up.",
    "task_description": "Open the laptop."
  },
  "50": {
    "caption": "A white robot is next to a black laptop on a wooden table, with the robot's arm and hand near the laptop, and the laptop slightly open.",
    "task_description": "Open the laptop."
  },
  "11": {
    "caption": "A robot holding a laptop on a light brown wooden table, with white pipes connected to the laptop, and a white wall in the background.",
    "task_description": "Open the laptop."
  },
  "79": {
    "caption": "A white table holds a black laptop, with a grey metal robot having three tubes connected to it, positioned to the right of the laptop.",
    "task_description": "Open the laptop."
  },
  "59": {
    "caption": "A robot holding a laptop is near a table with a wooden surface and a white wall in the background.",
    "task_description": "Open the laptop."
  },
  "33": {
    "caption": "A white table holds a black laptop, with a grey metal robot having three tubes connected to it, positioned to the right of the laptop.",
    "task_description": "Open the laptop."
  },
  "9": {
    "caption": "A white robot is next to a black laptop on a wooden table, with the robot having a metal arm and a gray panel on its back.",
    "task_description": "Open the laptop."
  },
  "36": {
    "caption": "A white robot is next to a black laptop on a wooden table, with the laptop's screen and keyboard facing up.",
    "task_description": "Open the laptop."
  },
  "46": {
    "caption": "A black laptop is on a light brown wooden table, with a white robot having a gripper and arm behind it. The robot is positioned to interact with the laptop.",
    "task_description": "Open the laptop."
  },
  "54": {
    "caption": "A black laptop is on a light brown wooden table, with a white robot having a metal arm and gripper nearby.",
    "task_description": "Open the laptop."
  },
  "78": {
    "caption": "A white robot is next to a black laptop on a wooden table, with the robot having a metal arm and a gray panel on its back.",
    "task_description": "Open the laptop."
  },
  "0": {
    "caption": "A robot with several white tubes is near a black laptop on a light brown wooden table. The laptop is open, and the robot is positioned to interact with it.",
    "task_description": "Open the laptop."
  },
  "67": {
    "caption": "A gray robot is next to a black laptop on a wooden table, with the robot's arm and hand near the laptop, and a white wall behind them.",
    "task_description": "Open the laptop."
  },
  "2": {
    "caption": "A white table holds a black laptop, with a grey metal robot having three tubes connected to it, positioned to the right of the laptop.",
    "task_description": "Open the laptop."
  },
  "45": {
    "caption": "A black laptop is on a light brown wooden table, with a white robot having a metal arm and gripper nearby. The robot is positioned to interact with the laptop.",
    "task_description": "Open the laptop."
  },
  "81": {
    "caption": "A robot holding a laptop on a wooden table, with a white wall in the background.",
    "task_description": "Open the laptop."
  },
  "10": {
    "caption": "A robot holding a laptop is near a table with a wooden surface and a white background. The laptop is black, and the robot has a metal arm and a circular base.",
    "task_description": "Open the laptop."
  },
  "87": {
    "caption": "A white robot is next to a black laptop on a wooden table, with the robot having a metal arm and a gray metal base.",
    "task_description": "Open the laptop."
  },
  "29": {
    "caption": "A black laptop is on a light brown wooden table, with a white robot having three connected tubes next to it. The robot's task is to open the laptop.",
    "task_description": "Open the laptop."
  },
  "5": {
    "caption": "A robot holding a laptop on a wooden table, with a white wall in the background.",
    "task_description": "Open the laptop."
  },
  "20": {
    "caption": "A black laptop is on a light brown wooden table, with a white robot having a metal arm and gripper nearby. The robot is positioned to interact with the laptop.",
    "task_description": "Open the laptop."
  },
  "52": {
    "caption": "A white robot is next to a black laptop on a wooden table, with the laptop's keyboard and screen visible. The robot has a metal arm and is facing the laptop.",
    "task_description": "Open the laptop."
  },
  "97": {
    "caption": "A black laptop is on a light brown wooden table, with a white robot having a metal arm and gripper nearby.",
    "task_description": "Open the laptop."
  },
  "26": {
    "caption": "A white robot is next to a black laptop on a wooden table, with the robot's arm and three connected tubes to its right.",
    "task_description": "Open the laptop."
  },
  "32": {
    "caption": "A robot with several white arms is near a black laptop on a wooden table, with the robot's arm connected to the laptop, and the laptop is open.",
    "task_description": "Open the laptop."
  },
  "14": {
    "caption": "A black laptop is on a light brown wooden table, with a white robot having a metal arm and gripper nearby.",
    "task_description": "Open the laptop."
  },
  "91": {
    "caption": "A white robot is next to a black laptop on a wooden table, with the robot's arm and hand near the laptop, and the laptop slightly open.",
    "task_description": "Open the laptop."
  }
}