{
  "64": {
    "caption": "A black table with a white edge holds a twisted paper with colorful bands, and a white wall with a brown curtain is in the background.",
    "task_description": "rope"
  },
  "94": {
    "caption": "A white, pink, and blue object is on a black table, with a gray edge and a dark background.",
    "task_description": "rope"
  },
  "92": {
    "caption": "A beaded bracelet with different colors is on a black table, with a gray metal edge and a dark gray surface. There's a blue wall in the background.",
    "task_description": "rope"
  },
  "91": {
    "caption": "A black counter with a white edge holds a white and blue toy, which is connected to other toys with colorful wraps. A dark gray carpet is on the floor, and a gray wall is in the background.",
    "task_description": "rope"
  },
  "11": {
    "caption": "A multicolored bead chain is on the black table, with a metal edge and a white wall in the background.",
    "task_description": "rope"
  },
  "84": {
    "caption": "A black table with a gray edge holds a multicolored twisted rope, a piece of white paper, and a metal edge on the wall.",
    "task_description": "rope"
  },
  "36": {
    "caption": "A plastic twisty whistle with blue, white, and brown sections lies on a black countertop, with a white paper and a small white spot nearby.",
    "task_description": "rope"
  },
  "44": {
    "caption": "A multicolored bead chain is on a black table, with a white wall and a brown curtain behind it, and a blue wall to the right.",
    "task_description": "rope"
  },
  "74": {
    "caption": "A black table with a gray edge holds a white and colorful twisted wire, and a white wall with a brown curtain is in the background.",
    "task_description": "rope"
  },
  "85": {
    "caption": "A multicolored twisty noodle-like object is on a black table, surrounded by a brown wall and a blue table, with a white curtain in the background.",
    "task_description": "rope"
  },
  "93": {
    "caption": "There are two toy bottles, one green and one orange, on a black table with a gray metal edge, and a blue object in the corner.",
    "task_description": "rope"
  },
  "70": {
    "caption": "A twisted, colorful rubber band is on a black table, with a metal edge and a brown wall nearby.",
    "task_description": "rope"
  },
  "55": {
    "caption": "A multicolored twisty noodle-like object is on a black surface, with a white rope and a white paper nearby, and a brown wall in the background.",
    "task_description": "rope"
  },
  "54": {
    "caption": "A black table with a white edge holds colorful beads and a white paper with writing, and a white curtain is behind the table.",
    "task_description": "rope"
  },
  "98": {
    "caption": "A black surface with a white edge, a white pill, a green and white pill, a pink and white pill, and a brown and white pill, all in a pile.",
    "task_description": "rope"
  },
  "38": {
    "caption": "A multicolored twisty noodle toy is on a black table, surrounded by various colored beads and a white paper with black writing.",
    "task_description": "rope"
  },
  "66": {
    "caption": "A black table with a blue and white cord on it, a white tube with a blue and orange connector, and a white wall in the background.",
    "task_description": "rope"
  },
  "42": {
    "caption": "There are two pills with different colored centers on a black countertop, a gray metal edge, and a white and blue curved object nearby.",
    "task_description": "rope"
  },
  "47": {
    "caption": "A white, brown, and orange rope is on a black table, with a gray edge and a blue object nearby.",
    "task_description": "rope"
  },
  "65": {
    "caption": "A black table with a white edge holds a white and brown bracelet, a green bead, and a brown bead, all lying on a black sandy surface.",
    "task_description": "rope"
  },
  "68": {
    "caption": "A multicolored bead bracelet is on a black table, with a gray edge and a brown curtain nearby.",
    "task_description": "rope"
  },
  "72": {
    "caption": "A plastic container filled with various colored powders is placed on a black table, with a white and blue striped item nearby, and a dark blue object in the background.",
    "task_description": "rope"
  },
  "61": {
    "caption": "A black table with a white edge holds a white and brown twisted wire, a white piece of cheese, and a white and orange piece of cheese. The table is against a brown wall and has a white strip on its side.",
    "task_description": "rope"
  },
  "59": {
    "caption": "A multicolored twisty wire with a small metal wheel is on a black surface, and a white curved line is present in the background.",
    "task_description": "rope"
  },
  "51": {
    "caption": "A multicolored beaded bracelet is on a black table, with a gray edge and a dark corner nearby, and a blue object slightly further away.",
    "task_description": "rope"
  },
  "37": {
    "caption": "A white and brown twisted rope with beads is on a dark gray floor, surrounded by a silver metal edge and a blue wall.",
    "task_description": "rope"
  },
  "73": {
    "caption": "A white and blue toy is on a black table, surrounded by a gray edge, with a blue wall behind it and a white table surface beneath.",
    "task_description": "rope"
  },
  "20": {
    "caption": "A metal tray with a black surface holds a white and orange igniter, a metal cylinder, and a white and black object, all placed on a grey table.",
    "task_description": "rope"
  },
  "83": {
    "caption": "There are two twisted and tangled rubber bands, one with a blue and white striped pattern, lying on a black table with a gray edge, and a brown curtain hanging in the background.",
    "task_description": "rope"
  },
  "75": {
    "caption": "A multicolored plastic bracelet is on a black table, with a brown wall and blue curtains in the background.",
    "task_description": "rope"
  },
  "46": {
    "caption": "A colorful candy is on a black table, surrounded by white light reflections, a white wall, and a blue object in the background.",
    "task_description": "rope"
  },
  "77": {
    "caption": "A white and brown twisted rope with colorful beads is placed on a black table, with a white strip and a blue object in the background.",
    "task_description": "rope"
  },
  "16": {
    "caption": "A multicolored twisted rope is on a dark grey table, with a brown wall and blue curtains in the background.",
    "task_description": "rope"
  },
  "40": {
    "caption": "A beaded bracelet is on a black table, with a white wall behind it, and a blue curtain to the left.",
    "task_description": "rope"
  },
  "76": {
    "caption": "A black table with a gray edge holds colorful twisted candies, with a brown wall and blue curtains in the background.",
    "task_description": "rope"
  },
  "87": {
    "caption": "A black table holds a colorful, creatively arranged candy, with a gray metal edge and a dark gray surface surrounding it.",
    "task_description": "rope"
  },
  "43": {
    "caption": "A lit cigarette is on a black table with a white strip, a white wall is in the background, and a blue curtain is slightly visible.",
    "task_description": "rope"
  },
  "41": {
    "caption": "A colorful object is on a dark table, with a white wall and a blue object in the background.",
    "task_description": "rope"
  },
  "3": {
    "caption": "A black table with a gray edge holds a twisted, colorful toy spider, and the table is placed against a blue wall.",
    "task_description": "rope"
  },
  "8": {
    "caption": "A black table with a gray edge holds a gray and black surface, a blue wall, a white and black item, and a blue item.",
    "task_description": "rope"
  },
  "82": {
    "caption": "A candy cane with white, red, and green sections is on a dark gray table, with a white strip and a white table edge nearby.",
    "task_description": "rope"
  },
  "57": {
    "caption": "A white and brown gummy worm with green and purple stripes lies on a black surface, surrounded by a white edge and a blue wall.",
    "task_description": "rope"
  },
  "19": {
    "caption": "A multicolored twisty noodle-like object is on a black surface, with a brown, blue, and white section, and a white circular section.",
    "task_description": "rope"
  },
  "49": {
    "caption": "A white and brown twisted rope with a white piece on the end is on a black table, with a gray edge and a blue object in the background.",
    "task_description": "rope"
  },
  "96": {
    "caption": "A white, blue, and brown gum is on a black table, with a white edge and a blue stripe on the table's surface.",
    "task_description": "rope"
  },
  "12": {
    "caption": "A bead chain in various colors is on a black table, with a blue wall and a brown wall in the background.",
    "task_description": "rope"
  },
  "86": {
    "caption": "A dark gray table holds a colorful bead chain, with a white wall in the background and a brown curtain nearby.",
    "task_description": "rope"
  },
  "15": {
    "caption": "A black table with a gray edge holds a white and brown snake-like object, which is connected to colorful beads, and a metal tool with two black ends is nearby.",
    "task_description": "rope"
  },
  "1": {
    "caption": "A black table with a metal edge holds a white robotic arm with a gripper, and a green and white toy is on the table. A black wire connects the arm to the toy.",
    "task_description": "rope"
  },
  "63": {
    "caption": "There are two multicolored beads and a tube of lip balm on a black table, with a brown curtain and a blue object in the background.",
    "task_description": "rope"
  },
  "62": {
    "caption": "A white and brown toy is on a black table, with a white wall behind it, and the toy is connected to a string.",
    "task_description": "rope"
  },
  "18": {
    "caption": "A multicolored twisty candy is on a black table, with a gray edge and a dark corner nearby, and a blue object slightly off the table.",
    "task_description": "rope"
  },
  "7": {
    "caption": "A multicolored twisted rope is on a black table, with a white wall in the background and a blue wall to the right.",
    "task_description": "rope"
  },
  "88": {
    "caption": "A black table with a white edge holds a white and brown model rocket, a white piece of paper, and a blue toy. The rocket is on the table, and the paper is under the rocket.",
    "task_description": "rope"
  },
  "31": {
    "caption": "A black table with a gray edge holds a white and brown twisted paper, a blue piece of paper, and a green piece of paper, all placed in a dark room.",
    "task_description": "rope"
  },
  "32": {
    "caption": "A black table with a gray edge holds a white and green rope, a white and orange striped item, and a green and white striped item, all surrounded by a dark gray surface.",
    "task_description": "rope"
  },
  "69": {
    "caption": "A white and colorful origami swan is on a black table, with a metal edge and a brown curtain nearby.",
    "task_description": "rope"
  },
  "45": {
    "caption": "A multicolored bead bracelet is on a black table, with a gray light reflection and a white wall behind it.",
    "task_description": "rope"
  },
  "81": {
    "caption": "A candy cain is on a black table with a white edge, and a white piece of paper is behind it.",
    "task_description": "rope"
  },
  "27": {
    "caption": "A white, brown, and orange toy is on a black table, with a white piece of paper nearby, and a brown wall in the background.",
    "task_description": "rope"
  },
  "95": {
    "caption": "There are pills on a black surface, with a grey edge and a white edge, and a blue object behind the pills.",
    "task_description": "rope"
  },
  "28": {
    "caption": "A colorful object made of rubber bands and candies is placed on a black surface, with a metal edge and a blue wall in the background.",
    "task_description": "rope"
  },
  "0": {
    "caption": "A robot holding a camera is above a table with a dark grey surface, where a colorful twisted wire is placed.",
    "task_description": "rope"
  },
  "30": {
    "caption": "A colorful plastic bracelet is on a dark grey table, with a white light reflection and a blue wall in the background.",
    "task_description": "rope"
  },
  "25": {
    "caption": "A plastic container filled with various colored powders is placed on a dark gray table, with a white curtain hanging in the background.",
    "task_description": "rope"
  },
  "34": {
    "caption": "There are three colorful objects on a black surface, with a white wall and a brown curtain in the background.",
    "task_description": "rope"
  },
  "89": {
    "caption": "A black table with a gray edge holds a twisted candle with different colored sections, and a gray metal piece is on the table's edge.",
    "task_description": "rope"
  },
  "97": {
    "caption": "A black table with a silver edge holds a gray and black ground, a multicolored toy, and a dark gray floor, with a dark blue wall in the background.",
    "task_description": "rope"
  },
  "80": {
    "caption": "A multicolored twisted toy is on a dark gray table, with a gray wall and blue curtains in the background.",
    "task_description": "rope"
  },
  "39": {
    "caption": "A multicolored bead chain is laying on a black table, with a gray metal edge and a dark gray surface. There's a blue object in the background, and a white wall behind the table.",
    "task_description": "rope"
  },
  "9": {
    "caption": "A robot is on the left side of the image, while a colorful object is on the right side. The robot is on a black surface with a white edge, and the colorful object is also on the black surface.",
    "task_description": "rope"
  },
  "50": {
    "caption": "A multicolored bead chain is on a black table, with a white cord connected to it, and a gray edge on the table.",
    "task_description": "rope"
  },
  "78": {
    "caption": "A multicolored twisted rope is on a black table, with a white wall in the background and a brown curtain nearby.",
    "task_description": "rope"
  },
  "6": {
    "caption": "A black table with a metal edge holds a white and brown twisted wire with colorful beads, while a gray metal wall and a blue wall stand nearby.",
    "task_description": "rope"
  },
  "71": {
    "caption": "A twisted, colorful rope is on a black table, with a white piece of paper and a brown wall in the background.",
    "task_description": "rope"
  },
  "48": {
    "caption": "A white piece of paper is on a black table, a colorful toy is on the paper, and a gray edge is present on the table.",
    "task_description": "rope"
  },
  "14": {
    "caption": "A multicolored twisted rope is on a black table, with a white metal edge and a dark gray surface. A metal device is above the table, and a dark gray wall is behind it.",
    "task_description": "rope"
  },
  "35": {
    "caption": "A multicolored beaded bracelet is on a black table, with a gray edge and a brown wall nearby.",
    "task_description": "rope"
  },
  "67": {
    "caption": "A black table with a gray edge holds a twisted candle, a multicolored bead chain, and a blue tube. The bead chain is on the table, and the candle and tube are on the table's edge.",
    "task_description": "rope"
  },
  "90": {
    "caption": "A beaded bracelet with different colors is on a black table, with a gray metal edge and a dark gray surface.",
    "task_description": "rope"
  },
  "26": {
    "caption": "There are several pills in various colors and shapes scattered on a black table, with a white edge and a brown curtain in the background.",
    "task_description": "rope"
  },
  "4": {
    "caption": "A multicolored bead snake is on a dark gray table, with a gray bead tail and a white bead head. The bead tail is to the left and the white bead head is to the right.",
    "task_description": "rope"
  },
  "17": {
    "caption": "A colorful beaded snake is on a black table, with a white wall and a blue object in the background.",
    "task_description": "rope"
  },
  "56": {
    "caption": "A black table with a white edge holds a colorful twisted rubber band, and a dark gray floor with a white edge surrounds the table.",
    "task_description": "rope"
  },
  "21": {
    "caption": "A colorful bead chain is on a black table, with a white wall in the background and a blue object nearby.",
    "task_description": "rope"
  },
  "99": {
    "caption": "A white and blue toy is on a black table, with a dark brown wall behind it and a light brown wall to the left.",
    "task_description": "rope"
  },
  "5": {
    "caption": "A black surface with a colorful bead chain on it, a white robot with black legs and arms, and a grey metal edge on the surface.",
    "task_description": "rope"
  },
  "24": {
    "caption": "A multicolored toy is on a black table, with a white wall behind it, and a blue object nearby.",
    "task_description": "rope"
  },
  "58": {
    "caption": "A white and multicolored rubber band is on a black table, with a brown curtain and a blue wall in the background.",
    "task_description": "rope"
  },
  "22": {
    "caption": "A black table with a gray edge holds a white and brown tabletop, a white and blue tabletop, a black and white tabletop, and a white and green tabletop. A white and pink tabletop lies on the floor.",
    "task_description": "rope"
  },
  "29": {
    "caption": "A black counter with a grey edge holds a green and white pill, surrounded by a grey wall and a dark grey floor, with a blue object slightly visible in the background.",
    "task_description": "rope"
  },
  "33": {
    "caption": "A black counter with a white edge holds a white and brown model rocket with a green part and an orange cone, and a white tag is attached to it.",
    "task_description": "rope"
  },
  "10": {
    "caption": "A twisted rubber band with colorful segments is on a black table, with a gray metal edge and a dark gray surface beneath it.",
    "task_description": "rope"
  },
  "13": {
    "caption": "A black table holds colorful beads in a row, with a white wall behind them and a gray curtain nearby.",
    "task_description": "rope"
  },
  "53": {
    "caption": "A multicolored twisty noodle-like object is on a black table, with a white piece of paper nearby, and a dark brown wall in the background.",
    "task_description": "rope"
  },
  "79": {
    "caption": "A black table with a white edge holds a white and blue rope with multicolored beads, and a white and green striped tail.",
    "task_description": "rope"
  },
  "60": {
    "caption": "A white and colorful bead bracelet is on a black table, with a dark brown wall behind it, and a blue object in the corner.",
    "task_description": "rope"
  },
  "23": {
    "caption": "A colorful bead chain is on a black table, with a white wall behind it and a blue object to the right.",
    "task_description": "rope"
  },
  "2": {
    "caption": "A bead chain with colorful beads is on a black table, with a metal edge and a blue object nearby.",
    "task_description": "rope"
  },
  "52": {
    "caption": "A multicolored twisted rope is on a black table, with a white piece of paper and a brown table edge nearby, and a dark blue wall in the background.",
    "task_description": "rope"
  }
}