{
  "68": {
    "caption": "A robot holding a pipe is near a white toilet with an open seat, both placed on a wooden floor.",
    "task_description": "Open the toilet seat."
  },
  "55": {
    "caption": "A robot holding a metal arm is near a white toilet with the seat up, which is on a wooden floor.",
    "task_description": "Open the toilet seat."
  },
  "3": {
    "caption": "A robot holding a pipe is near a toilet with an open seat, a wooden table is below, and a black box is next to the toilet.",
    "task_description": "Open the toilet seat."
  },
  "11": {
    "caption": "A robot holding a metal arm is near an open toilet with a grey seat, which is on a wooden floor. There is a black box and a white wall behind the toilet.",
    "task_description": "Open the toilet seat."
  },
  "50": {
    "caption": "A robot holding a metal arm is near a white toilet with the seat up, which is on a wooden floor.",
    "task_description": "Open the toilet seat."
  },
  "70": {
    "caption": "A robot holding a wrench is near a toilet with an open seat, both placed on a wooden floor, with a black box and a wooden table in the background.",
    "task_description": "Open the toilet seat."
  },
  "61": {
    "caption": "A robot holding a wrench is near a toilet with an open seat, both placed on a wooden floor, and a black box is beside the toilet.",
    "task_description": "Open the toilet seat."
  },
  "78": {
    "caption": "A robot holding a wrench is near a toilet with an open lid, connected to pipes, and placed on a wooden floor.",
    "task_description": "Open the toilet seat."
  },
  "75": {
    "caption": "A robot holding a wrench is near a white toilet with an open seat, both are on a wooden floor, with a black block and pipes nearby.",
    "task_description": "Open the toilet seat."
  },
  "27": {
    "caption": "A robot holding a pipe is near a white toilet with an open seat, both placed on a wooden floor, and a black box is beside the toilet.",
    "task_description": "Open the toilet seat."
  },
  "72": {
    "caption": "A robot holding a metal arm is near an open toilet with a grey seat, which is on a wooden floor.",
    "task_description": "Open the toilet seat."
  },
  "31": {
    "caption": "A robot holding a pipe is near a white toilet with an open seat, both placed on a light brown wooden floor.",
    "task_description": "Open the toilet seat."
  },
  "52": {
    "caption": "A robot holding a wrench is near a white toilet with an open seat, both are on a wooden floor, with a black block and pipes nearby.",
    "task_description": "Open the toilet seat."
  },
  "19": {
    "caption": "A robot holding a pipe is near a white toilet with an open seat, both placed on a wooden floor, with a black box and a wooden table in the background.",
    "task_description": "Open the toilet seat."
  },
  "49": {
    "caption": "A robot is opening the toilet seat, which is grey and made of plastic. The toilet is on a wooden table, and there is a black box behind it.",
    "task_description": "Open the toilet seat."
  },
  "96": {
    "caption": "A robot holding two pipes is near a toilet with an open seat, both placed on a wooden floor.",
    "task_description": "Open the toilet seat."
  },
  "33": {
    "caption": "A robot holding a metal arm is near a white toilet with the seat up, which is on a wooden floor. There's a black box behind the toilet and a white wall behind the box.",
    "task_description": "Open the toilet seat."
  },
  "56": {
    "caption": "A robot holding a metal arm is near a white toilet with the seat up, which is on a wooden floor.",
    "task_description": "Open the toilet seat."
  },
  "69": {
    "caption": "A robot holding a pipe is near a white toilet with an open seat, both placed on a wooden floor.",
    "task_description": "Open the toilet seat."
  },
  "83": {
    "caption": "A robot holding a metal arm is near a white toilet with the seat up, which is on a wooden floor.",
    "task_description": "Open the toilet seat."
  },
  "4": {
    "caption": "A robot holding a toilet handle is opening a toilet seat, which is connected to the toilet bowl by a metal pipe. The toilet is on a wooden floor, and a black box is placed next to it.",
    "task_description": "Open the toilet seat."
  },
  "41": {
    "caption": "A robot holding two pipes is near an open toilet with a seat, lid, and tank. The robot is to the right of the toilet, and the pipes are connected to the toilet.",
    "task_description": "Open the toilet seat."
  },
  "17": {
    "caption": "A robot holding a metal arm is near an open toilet with a grey seat, which is on a wooden floor.",
    "task_description": "Open the toilet seat."
  },
  "30": {
    "caption": "A robot holding a wrench is near a toilet with an open seat, both placed on a wooden floor, with a black box and a wooden table in the background.",
    "task_description": "Open the toilet seat."
  },
  "25": {
    "caption": "A robot is opening the toilet seat, which is grey and made of plastic. The toilet is on a wooden table, and there is a black box behind it.",
    "task_description": "Open the toilet seat."
  },
  "71": {
    "caption": "A robot holding a metal arm is near a white toilet with the seat up, which is on a wooden floor.",
    "task_description": "Open the toilet seat."
  },
  "51": {
    "caption": "A grey toilet is on a wooden floor with its seat and lid open. There are pipes connected to the toilet, and a black box is nearby.",
    "task_description": "Open the toilet seat."
  },
  "87": {
    "caption": "A robot holding a metal arm is near a white toilet with the seat up, which is on a wooden floor.",
    "task_description": "Open the toilet seat."
  },
  "22": {
    "caption": "A robot holding a wrench is near a toilet with an open seat, connected to pipes, and placed on a wooden floor.",
    "task_description": "Open the toilet seat."
  },
  "79": {
    "caption": "A robot holding a toilet handle is opening a toilet seat, which is connected to the toilet bowl by a pipe. The toilet is placed on a wooden floor, and a black box is located next to it.",
    "task_description": "Open the toilet seat."
  },
  "5": {
    "caption": "A robot holding a toilet seat is in front of a white toilet with the seat up, connected to a black box on the floor.",
    "task_description": "Open the toilet seat."
  },
  "14": {
    "caption": "A white toilet is the central object in the scene, with a silver flusher on the left side, a wooden floor beneath, and a black box to the right of the toilet.",
    "task_description": "Open the toilet seat."
  },
  "80": {
    "caption": "A robot is positioned near a toilet with an open seat, a wooden table is under the toilet, and a black block is beside the toilet. The robot is holding a pipe connected to the toilet.",
    "task_description": "Open the toilet seat."
  },
  "8": {
    "caption": "A robot holding a pipe is near a white toilet with an open seat, both placed on a wooden floor, and a black box is on the floor next to them.",
    "task_description": "Open the toilet seat."
  },
  "67": {
    "caption": "A robot holding a metal arm is near a white toilet with the seat up, which is on a wooden floor.",
    "task_description": "Open the toilet seat."
  },
  "57": {
    "caption": "A robot holding a toilet handle is opening the seat of a white toilet which is on a wooden floor, with a black block and pipes nearby.",
    "task_description": "Open the toilet seat."
  },
  "42": {
    "caption": "A robot is positioned near a toilet with an open seat, connected to pipes and a black box, all placed on a wooden floor.",
    "task_description": "Open the toilet seat."
  },
  "44": {
    "caption": "A robot is opening the toilet seat, which is grey and made of plastic. The seat is connected to the toilet bowl by hinges. The toilet is placed on a wooden floor with a shadow cast on it.",
    "task_description": "Open the toilet seat."
  },
  "91": {
    "caption": "A robot holding a metal arm is near a white toilet with the seat open, which is on a wooden floor. There is a black box beside the toilet and a white wall behind it.",
    "task_description": "Open the toilet seat."
  },
  "95": {
    "caption": "A robot holding a pipe is near a toilet with an open seat, a wooden floor, and a black box.",
    "task_description": "Open the toilet seat."
  },
  "45": {
    "caption": "A robot holding a metal arm is near an open toilet with a grey seat, which is on a wooden floor.",
    "task_description": "Open the toilet seat."
  },
  "81": {
    "caption": "A robot holding a toilet seat is in front of a white toilet with a closed lid, a black box to the right, and a wooden floor underneath.",
    "task_description": "Open the toilet seat."
  },
  "94": {
    "caption": "A robot holding a toilet seat is in front of a white toilet with a seat and lid, both attached to a black block on a wooden floor.",
    "task_description": "Open the toilet seat."
  },
  "46": {
    "caption": "A robot holding a toilet seat is in front of a white toilet with a closed lid, a black box to the right, and a wooden floor underneath.",
    "task_description": "Open the toilet seat."
  },
  "13": {
    "caption": "A robot holding a metal arm is near a white toilet with the seat up, which is on a wooden floor.",
    "task_description": "Open the toilet seat."
  },
  "92": {
    "caption": "A robot holding a wrench is near an open toilet with a grey seat, both are on a wooden floor, with a black block and a white wall in the background.",
    "task_description": "Open the toilet seat."
  },
  "37": {
    "caption": "A robot holding a metal arm is near a white toilet with the seat down, and a black box is on the floor.",
    "task_description": "Open the toilet seat."
  },
  "60": {
    "caption": "A robot holding a metal arm is near a white toilet with an open seat, a black box, and a wooden floor.",
    "task_description": "Open the toilet seat."
  },
  "35": {
    "caption": "A robot holding a pipe is near a white toilet with an open seat, both placed on a light brown wooden floor.",
    "task_description": "Open the toilet seat."
  },
  "98": {
    "caption": "A robot holding a wrench is near a white toilet with an open seat, both are on a wooden floor, with a black block and pipes nearby.",
    "task_description": "Open the toilet seat."
  },
  "29": {
    "caption": "A robot holding a wrench is near a toilet with an open lid, both placed on a wooden floor, with a black box and a wooden table in the background.",
    "task_description": "Open the toilet seat."
  },
  "23": {
    "caption": "A robot is opening the toilet seat, which is grey and made of plastic. The toilet is on a wooden floor, and there is a black box behind it.",
    "task_description": "Open the toilet seat."
  },
  "39": {
    "caption": "A robot holding a wrench is near an open toilet with a grey seat, both are on a wooden floor, with a black block and pipes nearby.",
    "task_description": "Open the toilet seat."
  },
  "65": {
    "caption": "A robot holding a metal arm is near a white toilet with an open seat, a black box, and a wooden floor. The robot is interacting with the toilet.",
    "task_description": "Open the toilet seat."
  },
  "9": {
    "caption": "A robot holding a wrench is near a toilet with an open seat, connected to pipes, and placed on a wooden floor.",
    "task_description": "Open the toilet seat."
  },
  "90": {
    "caption": "A robot holding two pipes is near an open toilet with a wooden base, a black box, and a wooden floor beneath it.",
    "task_description": "Open the toilet seat."
  },
  "1": {
    "caption": "A robot holding a metal arm is near an open toilet with a grey seat, which is on a wooden floor.",
    "task_description": "Open the toilet seat."
  },
  "0": {
    "caption": "A robot is positioned near the toilet, which has an open lid, and a black box is behind the toilet. The floor is wooden, and the toilet is casting a shadow.",
    "task_description": "Open the toilet seat."
  },
  "66": {
    "caption": "A robot holding a metal arm is near a white toilet with the seat down, and a black box is on the floor.",
    "task_description": "Open the toilet seat."
  },
  "54": {
    "caption": "A robot holding a pipe is near a white toilet with an open seat, both placed on a light brown wooden floor.",
    "task_description": "Open the toilet seat."
  },
  "73": {
    "caption": "A robot is opening the toilet seat, which is grey and made of plastic. The toilet is on a wooden table, and there is a black box behind it.",
    "task_description": "Open the toilet seat."
  },
  "18": {
    "caption": "A robot holding a metal arm is near an open toilet with a grey seat, which is on a wooden floor.",
    "task_description": "Open the toilet seat."
  },
  "16": {
    "caption": "A robot holding a metal arm is near a white toilet with the seat up, which is on a wooden floor.",
    "task_description": "Open the toilet seat."
  },
  "97": {
    "caption": "A robot holding a pipe is near a white toilet with an open seat, both placed on a wooden floor.",
    "task_description": "Open the toilet seat."
  },
  "63": {
    "caption": "A robot holding a metal arm is near a toilet with an open seat, both placed on a wooden floor, and a black box is beside the toilet.",
    "task_description": "Open the toilet seat."
  },
  "82": {
    "caption": "A robot holding a wrench is near a toilet with an open lid, connected pipes, and a wooden floor.",
    "task_description": "Open the toilet seat."
  },
  "10": {
    "caption": "A robot is opening the toilet seat, which is grey and made of plastic. The toilet is on a wooden table, and there are pipes connected to the toilet.",
    "task_description": "Open the toilet seat."
  },
  "2": {
    "caption": "A robot holding a wrench is near a white toilet with an open seat, both are on a wooden floor, with a black block and pipes nearby.",
    "task_description": "Open the toilet seat."
  },
  "88": {
    "caption": "A robot holding a metal arm is near a white toilet with the seat up, which is on a wooden floor.",
    "task_description": "Open the toilet seat."
  },
  "7": {
    "caption": "A robot holding a wrench is near a white toilet with an open seat, both are on a wooden floor, with a black block and pipes nearby.",
    "task_description": "Open the toilet seat."
  },
  "32": {
    "caption": "A robot is opening the toilet seat, which is grey and made of plastic. The toilet is on a wooden table, and there are pipes connected to the toilet.",
    "task_description": "Open the toilet seat."
  },
  "26": {
    "caption": "The robot task is to open the toilet seat, which is grey and made of plastic. The toilet is on a wooden floor, with pipes connected to it. The seat is currently up, and the toilet is casting a shadow.",
    "task_description": "Open the toilet seat."
  },
  "86": {
    "caption": "A robot is opening the toilet seat, which is attached to a white toilet bowl with a closed lid. There are pipes connected to the toilet and a black box under the toilet. The floor is wooden and the scene takes place indoors.",
    "task_description": "Open the toilet seat."
  },
  "40": {
    "caption": "A robot is positioned near the toilet, which has an open lid, and a black box is behind the toilet. The toilet is on a wooden floor.",
    "task_description": "Open the toilet seat."
  },
  "47": {
    "caption": "A robot holding a metal arm is near a white toilet with the seat open, which is on a wooden floor. There's a black box behind the toilet and a white wall behind the box.",
    "task_description": "Open the toilet seat."
  },
  "77": {
    "caption": "A robot holding a metal arm is near a white toilet with the seat up, which is on a wooden floor.",
    "task_description": "Open the toilet seat."
  },
  "74": {
    "caption": "A robot holding a pipe is near a toilet with an open seat, a wooden floor, and a black box.",
    "task_description": "Open the toilet seat."
  },
  "34": {
    "caption": "A robot holding a wrench is near a white toilet with an open seat, a black box, and a wooden floor. The robot is interacting with the toilet.",
    "task_description": "Open the toilet seat."
  },
  "85": {
    "caption": "A robot holding a wrench is near a toilet with an open seat, both placed on a wooden floor, with a black box and a wooden table in the background.",
    "task_description": "Open the toilet seat."
  },
  "38": {
    "caption": "A robot holding a wrench is near a white toilet with an open seat, a black box, and a wooden floor.",
    "task_description": "Open the toilet seat."
  },
  "89": {
    "caption": "A robot holding a metal arm is near an open toilet with a grey seat, which is on a wooden floor.",
    "task_description": "Open the toilet seat."
  },
  "6": {
    "caption": "A grey toilet is on a wooden floor with a black box nearby, a metal stand and pipes connected to the toilet. The robot is positioned to open the toilet seat.",
    "task_description": "Open the toilet seat."
  },
  "36": {
    "caption": "A robot holding a toilet handle is opening the seat of a white toilet which is on a wooden floor, with a black block and pipes nearby.",
    "task_description": "Open the toilet seat."
  },
  "93": {
    "caption": "A robot holding a metal arm is near an open toilet with a grey seat, which is on a wooden floor.",
    "task_description": "Open the toilet seat."
  },
  "59": {
    "caption": "A robot holding a pipe is near a toilet with an open seat, a black box, and a wooden floor.",
    "task_description": "Open the toilet seat."
  },
  "21": {
    "caption": "A robot holding a metal arm is near an open toilet with a grey seat, which is on a wooden floor.",
    "task_description": "Open the toilet seat."
  },
  "62": {
    "caption": "A robot is positioned near the toilet, which has an open lid, connected pipes, and a black square on the floor.",
    "task_description": "Open the toilet seat."
  },
  "76": {
    "caption": "A robot holding a wrench is near a toilet with an open seat, connected to pipes, and placed on a wooden table.",
    "task_description": "Open the toilet seat."
  },
  "58": {
    "caption": "A robot holding a toilet handle is opening a toilet seat, which is connected to the toilet bowl by a hinge. The toilet is on a wooden floor, and there is a black box next to it.",
    "task_description": "Open the toilet seat."
  },
  "53": {
    "caption": "A robot holding a pipe is near a white toilet with an open seat, both placed on a light brown wooden floor.",
    "task_description": "Open the toilet seat."
  },
  "12": {
    "caption": "A robot holding a pipe is near a toilet with an open seat, a black box is on the floor, and a wooden table is under the toilet.",
    "task_description": "Open the toilet seat."
  },
  "24": {
    "caption": "A robot is opening the toilet seat, which is grey and made of plastic. The toilet is on a wooden table, and there is a black box behind it.",
    "task_description": "Open the toilet seat."
  },
  "28": {
    "caption": "A robot holding two pipes is near an open toilet with a wooden base, a black box, and a wooden floor beneath it.",
    "task_description": "Open the toilet seat."
  },
  "84": {
    "caption": "A robot is opening the toilet seat, which is grey and made of plastic. The toilet is on a wooden floor, and there is a black box behind it.",
    "task_description": "Open the toilet seat."
  },
  "48": {
    "caption": "A robot holding a pipe is near a white toilet with an open seat, both placed on a wooden floor.",
    "task_description": "Open the toilet seat."
  },
  "20": {
    "caption": "A robot holding a wrench is near a toilet with an open lid, connected to pipes, and placed on a wooden table.",
    "task_description": "Open the toilet seat."
  },
  "64": {
    "caption": "A robot holding a pipe is near a white toilet with an open seat, both placed on a wooden floor, with a black box and a wooden table in the background.",
    "task_description": "Open the toilet seat."
  },
  "43": {
    "caption": "A robot holding a pipe is near a white toilet with an open seat, both placed on a wooden floor, with a black box and a wooden table in the background.",
    "task_description": "Open the toilet seat."
  },
  "99": {
    "caption": "A robot holding a metal arm is near a white toilet with the seat up, which is on a wooden floor.",
    "task_description": "Open the toilet seat."
  },
  "15": {
    "caption": "A robot holding a toilet handle is opening a gray toilet seat, which is attached to a white toilet bowl. The toilet is on a wooden floor with a black box nearby.",
    "task_description": "Open the toilet seat."
  }
}