{
  "80": {
    "caption": "A robot holding a black plastic cup with white lines, a black base, a metal structure, and a wooden table surface.",
    "task_description": "Lift the bucket."
  },
  "65": {
    "caption": "A white table holds a black plastic cup, which is connected to a gray metal pipe. A gray metal block is also on the table. The robot is positioned to lift the cup.",
    "task_description": "Lift the bucket."
  },
  "27": {
    "caption": "A black plastic bucket is on a light brown wooden table, with a white robot arm connected to several metal pipes, attempting to lift the bucket.",
    "task_description": "Lift the bucket."
  },
  "62": {
    "caption": "A black plastic bucket is on a light brown wooden table, with a grey metal robot arm and flexible tube connected to it, and a white wall in the background.",
    "task_description": "Lift the bucket."
  },
  "58": {
    "caption": "A robot holding a black plastic cup with white lines, a black base, a metal structure, and a wooden table surface.",
    "task_description": "Lift the bucket."
  },
  "86": {
    "caption": "A robot holding a metal arm is near a black plastic bucket on a wooden table, with a black metal box nearby and a white wall in the background.",
    "task_description": "Lift the bucket."
  },
  "48": {
    "caption": "A black plastic bucket is on a light brown wooden table, with a grey metal robot arm and a metal base nearby.",
    "task_description": "Lift the bucket."
  },
  "44": {
    "caption": "A black plastic bucket is on a light brown wooden table, with a grey metal robot arm and flexible tube connected to it, and a white wall in the background.",
    "task_description": "Lift the bucket."
  },
  "66": {
    "caption": "A robot holding a black plastic bucket with a grey metal arm, the bucket is on a brown wooden table, and the arm is connected to a grey metal pipe.",
    "task_description": "Lift the bucket."
  },
  "21": {
    "caption": "A white table holds a black trash can, which has a silver chain inside. A white robot arm with a gripper is next to the trash can, and a white box is behind the trash can.",
    "task_description": "Lift the bucket."
  },
  "24": {
    "caption": "A black plastic bucket is on a light brown wooden table, with a robot arm connected to white pipes behind it.",
    "task_description": "Lift the bucket."
  },
  "77": {
    "caption": "A robot holding a black plastic bucket with white stripes is next to a wooden table, and the bucket is being lifted by a metal arm attached to the robot.",
    "task_description": "Lift the bucket."
  },
  "0": {
    "caption": "A robot holding a black plastic bucket with its arm, a black platform with a pipe, and a wooden table with a shadow of the bucket.",
    "task_description": "Lift the bucket."
  },
  "25": {
    "caption": "A white robot arm is near a black plastic bucket on a wooden table, with metal pipes connected to the arm and a shadow of the bucket on the table.",
    "task_description": "Lift the bucket."
  },
  "59": {
    "caption": "A white robot arm is near a black trash can, and pipes are connected to the arm. The scene takes place on a wooden table with a shadow of the can cast on the floor.",
    "task_description": "Lift the bucket."
  },
  "50": {
    "caption": "A black plastic bucket is on a light brown wooden table, with a grey metal robot arm and a metal base nearby.",
    "task_description": "Lift the bucket."
  },
  "14": {
    "caption": "A black plastic bucket is on a light brown wooden table, with a white robot arm connected to several white pipes, attempting to lift the bucket.",
    "task_description": "Lift the bucket."
  },
  "61": {
    "caption": "A white robot arm is near a black trash can, and pipes are connected to the arm. The trash can is on a wooden table, and the pipes are attached to the table.",
    "task_description": "Lift the bucket."
  },
  "88": {
    "caption": "A white table with a black trash can on it, a white robot with a metal arm and gripper, and a white wall behind them. The robot is positioned to lift the trash can.",
    "task_description": "Lift the bucket."
  },
  "39": {
    "caption": "A black plastic bucket is on a light brown wooden table, with a grey metal robot arm and three white pipes connected to it. The robot is lifting the bucket, and the pipes are connected to the robot arm.",
    "task_description": "Lift the bucket."
  },
  "96": {
    "caption": "A black plastic bucket is on a light brown wooden table, with a grey metal robot arm and a metal block nearby.",
    "task_description": "Lift the bucket."
  },
  "29": {
    "caption": "A white table with a black plastic cup on it, a black plastic base, a white block, and a robot with a pipe attached to it. The robot is lifting the cup.",
    "task_description": "Lift the bucket."
  },
  "49": {
    "caption": "A black plastic bucket is on a light brown wooden table, with a grey metal robot arm and three metal pipes connected to it. The robot is lifting the bucket, and the pipes are connected to the robot arm.",
    "task_description": "Lift the bucket."
  },
  "42": {
    "caption": "A black plastic bucket is on a light brown wooden table, with a grey metal robot arm and flexible tube connected to it, and a white wall in the background.",
    "task_description": "Lift the bucket."
  },
  "57": {
    "caption": "A robot holding a black plastic cup with white lines, a wooden table, a black box, and a white wall.",
    "task_description": "Lift the bucket."
  },
  "68": {
    "caption": "A black plastic bucket is on a light brown wooden table, with a grey metal robot arm and flexible tube connected to it, and a white wall in the background.",
    "task_description": "Lift the bucket."
  },
  "52": {
    "caption": "A black plastic bucket is on a light brown wooden table, with a white wall behind it and a metal robot arm connected to a pipe.",
    "task_description": "Lift the bucket."
  },
  "8": {
    "caption": "A black plastic bucket is on a light brown wooden table, with a grey metal robot arm and flexible tube connected to it, and a white wall in the background.",
    "task_description": "Lift the bucket."
  },
  "69": {
    "caption": "A white table holds a black trash can, which has a white robot arm with grippers attempting to lift it.",
    "task_description": "Lift the bucket."
  },
  "75": {
    "caption": "A black plastic bucket is on a light brown wooden table, with a grey metal robot arm and flexible tube connected to it, and a white wall in the background.",
    "task_description": "Lift the bucket."
  },
  "53": {
    "caption": "A black plastic bucket is on a light brown wooden table, with a grey metal robot arm and three metal pipes attached to it. The robot is lifting the bucket, and the pipes are connected to the robot arm.",
    "task_description": "Lift the bucket."
  },
  "32": {
    "caption": "A white table holds a black trash can, which has a silver chain inside. A white robot arm with a gripper is next to the trash can, and a black box is on the table.",
    "task_description": "Lift the bucket."
  },
  "81": {
    "caption": "A black plastic bucket is on a light brown wooden table, with a grey metal robot arm and flexible tube attached to it, and a white wall in the background.",
    "task_description": "Lift the bucket."
  },
  "7": {
    "caption": "A robot holding a black bucket near a white table and a black box, with a metal structure and pipes behind the bucket.",
    "task_description": "Lift the bucket."
  },
  "76": {
    "caption": "A white table with a black plastic cup on it, a white robot with a metal arm and gripper, and a white wall behind them. The robot is positioned to lift the cup.",
    "task_description": "Lift the bucket."
  },
  "84": {
    "caption": "A robot holding a black plastic bucket with a grey metal arm, the bucket is on a brown wooden table, and the arm is connected to a grey metal pipe.",
    "task_description": "Lift the bucket."
  },
  "94": {
    "caption": "A black plastic bucket is on a light brown wooden table, with a white robot arm and flexible tube connected to it, and a shadow cast on the table.",
    "task_description": "Lift the bucket."
  },
  "63": {
    "caption": "A black plastic bucket is on a light brown wooden table, with a grey metal robot arm and three metal pipes attached to it. The robot is lifting the bucket, and the pipes are connected to the robot arm.",
    "task_description": "Lift the bucket."
  },
  "5": {
    "caption": "A black plastic bucket is on a light brown wooden table, with a white robot arm and metal pipes behind it.",
    "task_description": "Lift the bucket."
  },
  "97": {
    "caption": "A black plastic bucket is on a light brown wooden table, with a white robot arm and metal pipes behind it.",
    "task_description": "Lift the bucket."
  },
  "91": {
    "caption": "A robot holding a black plastic bucket with its arm, a black base supporting the robot, and a wooden table with a black shadow.",
    "task_description": "Lift the bucket."
  },
  "35": {
    "caption": "A robot holding a black plastic bucket with its arm, a black base supporting the robot, and a wooden table with a black shadow on it.",
    "task_description": "Lift the bucket."
  },
  "28": {
    "caption": "A black plastic bucket is on a light brown wooden table, with a robot arm connected to white pipes behind it.",
    "task_description": "Lift the bucket."
  },
  "73": {
    "caption": "A white robot arm is near a black plastic bucket on a wooden table, with metal pipes connected to the arm and a shadow of the bucket on the table.",
    "task_description": "Lift the bucket."
  },
  "98": {
    "caption": "A black plastic bucket is on a light brown wooden table, with a grey metal robot arm and three metal pipes attached to it. The robot is trying to lift the bucket.",
    "task_description": "Lift the bucket."
  },
  "11": {
    "caption": "A black plastic bucket is on a light brown wooden table, with a grey metal robot arm and a white metal pipe connected to it. The robot is lifting the bucket, and the shadow of the bucket is on the table.",
    "task_description": "Lift the bucket."
  },
  "46": {
    "caption": "A white table with a black trash can on it, a white robot with a metal arm and gripper, and a white wall behind them. The robot is positioned to lift the trash can.",
    "task_description": "Lift the bucket."
  },
  "74": {
    "caption": "A robot holding a black plastic bucket with white stripes is standing on a light brown wooden table, with a gray metal box and a white wall in the background.",
    "task_description": "Lift the bucket."
  },
  "2": {
    "caption": "A black plastic bucket is on a light brown wooden table, with a grey metal robot arm and a metal block nearby.",
    "task_description": "Lift the bucket."
  },
  "92": {
    "caption": "A black plastic bucket is on a light brown wooden table, with a white robot arm and metal pipes behind it.",
    "task_description": "Lift the bucket."
  },
  "85": {
    "caption": "A black plastic bucket is on a light brown wooden table, with a grey metal robot arm and three metal pipes attached to it. The robot is lifting the bucket, and the pipes are connected to the robot arm.",
    "task_description": "Lift the bucket."
  },
  "3": {
    "caption": "A black plastic bucket is on a light brown wooden table, with a grey metal robot arm and flexible tube connected to it, and a white wall in the background.",
    "task_description": "Lift the bucket."
  },
  "6": {
    "caption": "A white table holds a black trash can, which has a robot arm with a gripper holding it. The robot is trying to lift the trash can.",
    "task_description": "Lift the bucket."
  },
  "4": {
    "caption": "A robot holding a black plastic cup with its arm, a wooden table with a black plastic cup, and a metal box on the table.",
    "task_description": "Lift the bucket."
  },
  "72": {
    "caption": "A robot with extended arms is holding a black plastic bucket on a wooden table, connected to white pipes, with a black cube on the floor and a white wall in the background.",
    "task_description": "Lift the bucket."
  },
  "78": {
    "caption": "A robot holding a black garbage pail with white tubes and pipes on a wooden table and black box behind it.",
    "task_description": "Lift the bucket."
  },
  "31": {
    "caption": "A white robot arm is near a black plastic bucket on a wooden table, with a shadow of the bucket on the table.",
    "task_description": "Lift the bucket."
  },
  "18": {
    "caption": "A black plastic bucket is on a light brown wooden table, with a white robot arm connected to several white pipes, attempting to lift the bucket.",
    "task_description": "Lift the bucket."
  },
  "55": {
    "caption": "A black plastic bucket is on a light brown wooden table, with a grey metal robot arm and three metal pipes attached to it. The robot is lifting the bucket, and the pipes are connected to the robot arm.",
    "task_description": "Lift the bucket."
  },
  "41": {
    "caption": "A black plastic bucket is on a light brown wooden table, with a grey metal robot arm and a metal base nearby.",
    "task_description": "Lift the bucket."
  },
  "83": {
    "caption": "A robot holding a black plastic bucket with a grey metal arm, the bucket is on a wooden table, and the robot is on a black box.",
    "task_description": "Lift the bucket."
  },
  "82": {
    "caption": "A robot holding a black plastic bucket with its arm, a black base supporting the robot, and a wooden table with a black shadow.",
    "task_description": "Lift the bucket."
  },
  "79": {
    "caption": "A white table with a black trash can on it, a white robot with a metal arm and gripper, and a white wall behind them. The robot is positioned to lift the trash can.",
    "task_description": "Lift the bucket."
  },
  "90": {
    "caption": "A white table with a black plastic cup on it, a black plastic base, a white wall behind, and a grey floor beneath. The robot is trying to lift the black cup.",
    "task_description": "Lift the bucket."
  },
  "54": {
    "caption": "A black plastic bucket is on a light brown wooden table, with a grey metal robot arm and a metal base nearby.",
    "task_description": "Lift the bucket."
  },
  "45": {
    "caption": "A white table holds a black trash can, which has a robot arm with a gripper and metal pipes attached to it. The gripper is inside the trash can, and the pipes are connected to the gripper.",
    "task_description": "Lift the bucket."
  },
  "99": {
    "caption": "A white table with a black plastic cup on it, a black plastic base, a white robot arm with a gripper, and a wooden floor. The robot arm is near the cup and the gripper is holding the cup.",
    "task_description": "Lift the bucket."
  },
  "95": {
    "caption": "A black plastic bucket is on a light brown wooden table, with a grey metal robot arm and flexible tube connected to it, and a white wall in the background.",
    "task_description": "Lift the bucket."
  },
  "40": {
    "caption": "A black plastic trash can is on a light brown wooden table, with a metal arm and gripper attached to it, and a white wall in the background.",
    "task_description": "Lift the bucket."
  },
  "10": {
    "caption": "A black plastic bucket is on a light brown wooden table, with a grey metal robot arm and three metal pipes attached to it. The robot is lifting the bucket, and the pipes are connected to the robot arm.",
    "task_description": "Lift the bucket."
  },
  "26": {
    "caption": "A robot holding a black plastic cup with white tubes is standing on a light brown wooden table, with a grey metal box and a white wall in the background.",
    "task_description": "Lift the bucket."
  },
  "9": {
    "caption": "A black plastic bucket is on a light brown wooden table, with a robot arm connected to white pipes behind it.",
    "task_description": "Lift the bucket."
  },
  "51": {
    "caption": "A black plastic bucket is on a light brown wooden table, with a grey metal robot arm and several white pipes attached to it. The robot is lifting the bucket, and the pipes are connected to the robot arm.",
    "task_description": "Lift the bucket."
  },
  "70": {
    "caption": "A robot holding a black plastic cup with its arm, a black plastic cup on a wooden table, and a metal box on the table.",
    "task_description": "Lift the bucket."
  },
  "22": {
    "caption": "A black plastic bucket is on a light brown wooden table, with a grey metal robot arm and a metal block nearby.",
    "task_description": "Lift the bucket."
  },
  "1": {
    "caption": "A black plastic bucket is on a light brown wooden table, with a robot arm connected to a gray metal pipe, and a white background.",
    "task_description": "Lift the bucket."
  },
  "34": {
    "caption": "A robot holding a black plastic cup with white lines, a grey metal base, and a white wall behind it.",
    "task_description": "Lift the bucket."
  },
  "56": {
    "caption": "A black plastic bucket is on a light brown wooden table, with a white robot arm and metal pipes behind it.",
    "task_description": "Lift the bucket."
  },
  "71": {
    "caption": "A black plastic bucket is on a light brown wooden table, with a grey metal robot arm and three metal pipes attached to it. The robot is lifting the bucket, and the pipes are connected to the robot arm.",
    "task_description": "Lift the bucket."
  },
  "13": {
    "caption": "A black plastic bucket is on a light brown wooden table, with a grey metal robot arm and three white pipes connected to it. The robot is lifting the bucket, and the pipes are connected to the robot arm.",
    "task_description": "Lift the bucket."
  },
  "20": {
    "caption": "A white table holds a black trash can, which has a white robot arm with grippers attempting to lift it.",
    "task_description": "Lift the bucket."
  },
  "47": {
    "caption": "A white robot arm is near a black trash can, and pipes are connected to a metal box.",
    "task_description": "Lift the bucket."
  },
  "36": {
    "caption": "A black plastic bucket is on a light brown wooden table, with a white robot arm and metal pipes behind it.",
    "task_description": "Lift the bucket."
  },
  "23": {
    "caption": "A black plastic bucket is on a light brown wooden table, with a white robot arm and metal pipes behind it.",
    "task_description": "Lift the bucket."
  },
  "37": {
    "caption": "A white table holds a black trash can, which has a silver chain inside. A white robot arm with a gripper is next to the trash can, attempting to lift it.",
    "task_description": "Lift the bucket."
  },
  "16": {
    "caption": "A white table with a black trash can on it, a white robot with a metal arm and gripper, and a white wall behind them. The robot is positioned to lift the trash can.",
    "task_description": "Lift the bucket."
  },
  "67": {
    "caption": "A black plastic bucket is on a light brown wooden table, with a grey metal robot arm and three white pipes connected to it. The robot is lifting the bucket, and the pipes are connected to the robot arm.",
    "task_description": "Lift the bucket."
  },
  "19": {
    "caption": "A black plastic bucket is on a light brown wooden table, with a grey metal robot arm and a metal block nearby.",
    "task_description": "Lift the bucket."
  },
  "17": {
    "caption": "A black plastic cup is on a light brown wooden table, with a white robot arm connected to three white pipes, and a shadow of the cup on the table.",
    "task_description": "Lift the bucket."
  },
  "33": {
    "caption": "A white robot arm is near a black trash can, and a white box is on a wooden table.",
    "task_description": "Lift the bucket."
  },
  "60": {
    "caption": "A black plastic bucket is on a light brown wooden table, with a grey metal robot arm and three white pipes connected to it. The robot is lifting the bucket, and the pipes are connected to the robot arm.",
    "task_description": "Lift the bucket."
  },
  "38": {
    "caption": "A white table holds a black trash can, which has a robot arm with a gripper and arm extension. The arm is positioned to lift the trash can. The table is made of wood and has a shadow of the trash can.",
    "task_description": "Lift the bucket."
  },
  "93": {
    "caption": "A robot holding a black plastic bucket with white lines, a black base, a metal structure, and a wooden table surface.",
    "task_description": "Lift the bucket."
  },
  "64": {
    "caption": "A black plastic bucket is on a light brown wooden table, with a grey metal robot arm and flexible tube connected to it, and a white wall in the background.",
    "task_description": "Lift the bucket."
  },
  "43": {
    "caption": "A black plastic bucket is on a light brown wooden table, with a robot arm connected to white pipes behind it.",
    "task_description": "Lift the bucket."
  },
  "15": {
    "caption": "A black plastic bucket is on a light brown wooden table, with a grey metal robot arm and a metal base nearby.",
    "task_description": "Lift the bucket."
  },
  "87": {
    "caption": "A black plastic bucket is on a light brown wooden table, with a white robot arm and metal pipes behind it.",
    "task_description": "Lift the bucket."
  },
  "30": {
    "caption": "A black trash bin is on a light brown wooden table, with a grey metal robot arm and flexible tube connected to it, and a white wall in the background.",
    "task_description": "Lift the bucket."
  },
  "12": {
    "caption": "A black plastic bucket is on a light brown wooden table, with a grey metal robot arm and several white pipes connected to it.",
    "task_description": "Lift the bucket."
  },
  "89": {
    "caption": "A robot holding a black plastic cup with white handles, a wooden table, a black box, and a white wall.",
    "task_description": "Lift the bucket."
  }
}