{
  "52": {
    "caption": "A robot is positioned near a faucet on a wooden table, with a metal pipe and other elements in the background.",
    "task_description": "Turn on the faucet."
  },
  "29": {
    "caption": "A silver robot arm with a flexible joint is positioned over a wooden table, with a faucet attached to its end. The faucet is above the table, and the robot is interacting with it.",
    "task_description": "Turn on the faucet."
  },
  "64": {
    "caption": "A robot holding two metal pipes is near a table with a faucet, and the task is to turn on the faucet.",
    "task_description": "Turn on the faucet."
  },
  "32": {
    "caption": "A silver robot arm is near a faucet on a wooden table, with a metal pipe and gray metal cylinder nearby.",
    "task_description": "Turn on the faucet."
  },
  "62": {
    "caption": "A silver robot arm is near a faucet on a wooden table, with a metal pipe and a metal fitting nearby.",
    "task_description": "Turn on the faucet."
  },
  "34": {
    "caption": "A robot holding two metal pipes is near a faucet on a wooden table, which is connected to a metal pipe. The faucet is off, and the robot is trying to turn it on.",
    "task_description": "Turn on the faucet."
  },
  "16": {
    "caption": "A silver robot arm with a flexible joint is positioned over a silver faucet connected to a pipe, with a wooden table beneath them.",
    "task_description": "Turn on the faucet."
  },
  "24": {
    "caption": "A robot holding a metal arm with a faucet, a wooden table with a metal handle, and a white wall in the background.",
    "task_description": "Turn on the faucet."
  },
  "91": {
    "caption": "A silver robot arm with a flexible joint is positioned over a silver faucet, which is located on a wooden table. The faucet is not turned on.",
    "task_description": "Turn on the faucet."
  },
  "80": {
    "caption": "A robot is positioned near a faucet on a wooden table, with a metal pipe and a metal plate nearby. The faucet is off, and the robot is facing the faucet.",
    "task_description": "Turn on the faucet."
  },
  "10": {
    "caption": "A silver robot arm with a flexible joint is positioned over a wooden table, with a faucet attached to its end. The faucet is above the table, and the robot is interacting with it.",
    "task_description": "Turn on the faucet."
  },
  "0": {
    "caption": "A robot holding two metal pipes is near a faucet on a wooden table, which is connected to a metal pipe. The faucet is off, and the robot is trying to turn it on.",
    "task_description": "Turn on the faucet."
  },
  "13": {
    "caption": "A silver robot arm is near a faucet on a wooden table, with a metal pipe and a metal fitting nearby.",
    "task_description": "Turn on the faucet."
  },
  "41": {
    "caption": "A silver robot arm is near a metal faucet, with a metal pipe connected to the faucet, and a wooden table beneath them.",
    "task_description": "Turn on the faucet."
  },
  "50": {
    "caption": "A robot holding a metal arm with a faucet, a wooden table, a metal pipe, and a white wall. The faucet is on the table, the arm is connected to the faucet, and the pipe is connected to the arm.",
    "task_description": "Turn on the faucet."
  },
  "19": {
    "caption": "A robot holding two metal pipes is near a faucet on a wooden table, which is connected to a metal pipe. The faucet is off, and the robot is trying to turn it on.",
    "task_description": "Turn on the faucet."
  },
  "71": {
    "caption": "A silver robot arm with a flexible joint is positioned over a silver faucet on a wooden table, with a metal pipe connected to the faucet.",
    "task_description": "Turn on the faucet."
  },
  "30": {
    "caption": "A silver robot arm with a flexible joint is positioned over a silver faucet, which is located over a wooden table. The faucet is not turned on.",
    "task_description": "Turn on the faucet."
  },
  "27": {
    "caption": "A silver robot arm with a flexible joint is positioned over a silver metal faucet on a wooden table, ready to turn it on.",
    "task_description": "Turn on the faucet."
  },
  "44": {
    "caption": "A silver robot arm with a flexible joint is positioned over a silver faucet on a wooden table, with a metal pipe connected to the faucet.",
    "task_description": "Turn on the faucet."
  },
  "96": {
    "caption": "A silver robot arm is near a metallic faucet, with a wooden table in the background.",
    "task_description": "Turn on the faucet."
  },
  "85": {
    "caption": "A silver robot arm with a flexible joint is positioned over a wooden table, with a metal faucet connected to the arm, and a white background behind the table.",
    "task_description": "Turn on the faucet."
  },
  "42": {
    "caption": "A robot with two arms is holding a metal tool and trying to turn on a faucet located on the wooden table.",
    "task_description": "Turn on the faucet."
  },
  "53": {
    "caption": "A robot holding two pipes is near a faucet on a wooden table, with a metal plate and a shadow of the faucet on the table.",
    "task_description": "Turn on the faucet."
  },
  "73": {
    "caption": "A silver robot arm is near a faucet on a wooden table, with a metal pipe and a metal fitting nearby.",
    "task_description": "Turn on the faucet."
  },
  "31": {
    "caption": "A silver robot arm with a flexible joint is positioned over a silver faucet on a wooden table, with a metal pipe connected to the faucet.",
    "task_description": "Turn on the faucet."
  },
  "47": {
    "caption": "A robot is positioned near a faucet on a wooden table, with a metal arm and a metal pipe nearby. The faucet is located above the table, and the robot is facing the faucet.",
    "task_description": "Turn on the faucet."
  },
  "5": {
    "caption": "A silver faucet is mounted on a wooden table, with pipes connected to it. The faucet is turned off, and the pipes are connected to the faucet.",
    "task_description": "Turn on the faucet."
  },
  "90": {
    "caption": "A silver robot arm is near a metal faucet, with pipes connected to the faucet, and a wooden table beneath them.",
    "task_description": "Turn on the faucet."
  },
  "89": {
    "caption": "A silver robot arm is near a faucet on a wooden table, with a metal pipe and a metal plate nearby.",
    "task_description": "Turn on the faucet."
  },
  "59": {
    "caption": "A silver faucet is mounted on a white table, with pipes connected to it. The faucet is turned off, and there is a shadow of the faucet on the table.",
    "task_description": "Turn on the faucet."
  },
  "37": {
    "caption": "A silver faucet is on a tan wooden table, with pipes connected to it. The faucet is turned off, and there is a shadow of the faucet on the table.",
    "task_description": "Turn on the faucet."
  },
  "56": {
    "caption": "A silver faucet is on a tan wooden table, with pipes connected to it. The faucet is turned off, and the pipes are connected to the faucet.",
    "task_description": "Turn on the faucet."
  },
  "9": {
    "caption": "A robot with metal arms is holding a pipe in front of a wooden table, with a faucet on the table and a shadow of the pipe on the floor.",
    "task_description": "Turn on the faucet."
  },
  "43": {
    "caption": "A silver robot arm with a flexible joint is positioned over a silver metal faucet on a wooden table, ready to turn it on.",
    "task_description": "Turn on the faucet."
  },
  "69": {
    "caption": "A silver robot arm with a flexible joint is positioned over a silver faucet connected to a pipe, with a wooden table beneath them.",
    "task_description": "Turn on the faucet."
  },
  "1": {
    "caption": "A silver robot arm with a flexible joint is positioned over a silver faucet on a wooden table, with a metal pipe connected to the faucet.",
    "task_description": "Turn on the faucet."
  },
  "77": {
    "caption": "A silver robot arm with a flexible joint is positioned over a silver faucet on a wooden table, with a metal pipe connected to the faucet.",
    "task_description": "Turn on the faucet."
  },
  "26": {
    "caption": "A robot holding two pipes is near a faucet on a wooden table, with a shadow of the robot arm and a shadow of the faucet on the table.",
    "task_description": "Turn on the faucet."
  },
  "86": {
    "caption": "A silver robot arm is near a faucet on a wooden table, with a metal handle and a metal pipe connected to a joint. The faucet is off, and the table is made of wood.",
    "task_description": "Turn on the faucet."
  },
  "81": {
    "caption": "A robot is positioned near a faucet on a wooden table, with a metal pipe and other parts connected to the faucet. The wooden table is in the foreground, and the faucet is in the middle.",
    "task_description": "Turn on the faucet."
  },
  "75": {
    "caption": "A silver faucet is near a metal pipe, both are on a wooden table, which is on a white wall.",
    "task_description": "Turn on the faucet."
  },
  "35": {
    "caption": "A silver robot arm is near a faucet on a wooden table, with a metal pipe and a metal fitting nearby.",
    "task_description": "Turn on the faucet."
  },
  "99": {
    "caption": "A silver robot arm with a flexible joint is positioned over a silver faucet, which is located on a wooden table. The faucet is off, and the arm is not touching it.",
    "task_description": "Turn on the faucet."
  },
  "17": {
    "caption": "A silver robot arm is near a faucet on a wooden table, with a metal connector and metal pipes connected to it. The faucet is off, and the table is made of wood.",
    "task_description": "Turn on the faucet."
  },
  "87": {
    "caption": "A robot holding a metal arm is near a faucet on a wooden table, with a metal pipe connected to the faucet. The faucet is off, and the table is made of wood.",
    "task_description": "Turn on the faucet."
  },
  "66": {
    "caption": "A robot holding two metal arms is near a faucet on a wooden table, with a metal pipe connected to the faucet. The faucet is off, and the table is made of wood.",
    "task_description": "Turn on the faucet."
  },
  "79": {
    "caption": "A robot with metal arms and a grey color is standing on a wooden table, with a faucet attached to its arm, and a shadow of the robot cast on the table.",
    "task_description": "Turn on the faucet."
  },
  "88": {
    "caption": "A robot holding two metal pipes is near a faucet on a wooden table, which is next to a white wall. The faucet is off, and the pipes are connected to the faucet.",
    "task_description": "Turn on the faucet."
  },
  "82": {
    "caption": "A robot holding a metal arm with a faucet, a wooden table with a metal pipe and faucet, and a white background.",
    "task_description": "Turn on the faucet."
  },
  "28": {
    "caption": "A robot holding two metal pipes is near a faucet on a wooden table, which is connected to a metal pipe. The faucet is off, and the robot is trying to turn it on.",
    "task_description": "Turn on the faucet."
  },
  "6": {
    "caption": "A silver faucet is on a wooden table, with a silver pipe connected to it. The faucet is turned off, and the table is brown.",
    "task_description": "Turn on the faucet."
  },
  "7": {
    "caption": "A silver robot arm is near a metal faucet, with pipes connected to the faucet, and a wooden table beneath them.",
    "task_description": "Turn on the faucet."
  },
  "12": {
    "caption": "A robot with metal arms is holding a faucet, which is connected to a pipe. The faucet is turned off, and the wooden table is underneath the robot.",
    "task_description": "Turn on the faucet."
  },
  "23": {
    "caption": "A silver faucet is on a table, with a metal pipe connected to it. The faucet is turned off, and the table is wooden with a light reflection.",
    "task_description": "Turn on the faucet."
  },
  "67": {
    "caption": "A silver robot arm is near a metal faucet, with pipes connected to the faucet, and a wooden table beneath them.",
    "task_description": "Turn on the faucet."
  },
  "94": {
    "caption": "A silver robot arm is near a metal faucet, with a metal pipe connected to the faucet, and a wooden table beneath them.",
    "task_description": "Turn on the faucet."
  },
  "40": {
    "caption": "A silver robot arm with a flexible joint is positioned over a silver faucet connected to a pipe, with a wooden table beneath them.",
    "task_description": "Turn on the faucet."
  },
  "36": {
    "caption": "A robot holding two metal pipes is near a faucet on a wooden table, with a shadow of the faucet on the table.",
    "task_description": "Turn on the faucet."
  },
  "54": {
    "caption": "A silver robot arm is near a faucet on a wooden table, with a metal pipe and a metal plate nearby.",
    "task_description": "Turn on the faucet."
  },
  "61": {
    "caption": "A silver faucet is mounted on a wooden table, with pipes connected to it. The faucet is turned off, and there is a shadow of the faucet on the table.",
    "task_description": "Turn on the faucet."
  },
  "4": {
    "caption": "A robot holding two metal pipes is near a table with a faucet, and the task is to turn on the faucet.",
    "task_description": "Turn on the faucet."
  },
  "84": {
    "caption": "A silver robot arm with a flexible joint is positioned over a wooden table, with a faucet attached to its end. The faucet is above the table, and the robot is interacting with it.",
    "task_description": "Turn on the faucet."
  },
  "63": {
    "caption": "A silver faucet is on a tan wooden table, with pipes connected to it. The faucet is turned off, and there is a shadow of the faucet on the table.",
    "task_description": "Turn on the faucet."
  },
  "25": {
    "caption": "A robot holding two metal pipes is near a faucet on a wooden table, which is connected to a metal pipe. The faucet is off, and the robot is trying to turn it on.",
    "task_description": "Turn on the faucet."
  },
  "97": {
    "caption": "A robot with two arms is holding a faucet, which is connected to a pipe. The faucet is turned off, and the floor is made of wood.",
    "task_description": "Turn on the faucet."
  },
  "14": {
    "caption": "A silver robot arm with a gray metal faucet is positioned over a light brown wooden table, with a white wall in the background.",
    "task_description": "Turn on the faucet."
  },
  "45": {
    "caption": "A silver robot arm with a flexible joint is positioned over a silver faucet connected to a pipe, with a wooden table beneath them.",
    "task_description": "Turn on the faucet."
  },
  "76": {
    "caption": "A robot is positioned near a faucet on a table, with its arm connected to the faucet. The faucet is slightly above the table, and the robot is close to the faucet.",
    "task_description": "Turn on the faucet."
  },
  "98": {
    "caption": "A silver robot arm with a flexible joint is positioned over a silver faucet, which is mounted on a wooden table. The faucet is off, and the robot is preparing to turn it on.",
    "task_description": "Turn on the faucet."
  },
  "49": {
    "caption": "A silver robot arm is near a metallic faucet, with a wooden table in the background.",
    "task_description": "Turn on the faucet."
  },
  "60": {
    "caption": "A silver robot arm is near a metal faucet, with pipes connected to the faucet, and a wooden table beneath them.",
    "task_description": "Turn on the faucet."
  },
  "55": {
    "caption": "A silver faucet is on a tan wooden table, with pipes connected to it. The faucet is turned off, and there is a shadow of the faucet on the table.",
    "task_description": "Turn on the faucet."
  },
  "72": {
    "caption": "A silver faucet is on a tan wooden table, with pipes connected to it. The faucet is turned off, and there is a shadow of the faucet on the table.",
    "task_description": "Turn on the faucet."
  },
  "2": {
    "caption": "A silver robot arm with a flexible joint is positioned over a silver faucet connected to a pipe, with a wooden table beneath them.",
    "task_description": "Turn on the faucet."
  },
  "33": {
    "caption": "A silver robot arm with a flexible joint is positioned over a silver faucet, which is located over a wooden table. The faucet is not turned on.",
    "task_description": "Turn on the faucet."
  },
  "20": {
    "caption": "A silver robot arm with a flexible joint is positioned over a silver faucet connected to a pipe, with a wooden table beneath them.",
    "task_description": "Turn on the faucet."
  },
  "74": {
    "caption": "A robot with metal arms is holding a pipe in front of a wooden table, with a faucet connected to the pipe. The faucet is off, and the robot is trying to turn it on.",
    "task_description": "Turn on the faucet."
  },
  "38": {
    "caption": "A silver robot arm with a flexible joint is positioned over a silver faucet, which is located on a wooden table. The faucet is not turned on.",
    "task_description": "Turn on the faucet."
  },
  "21": {
    "caption": "A robot holding two metal pipes is near a faucet on a wooden table, which is connected to a metal pipe. The faucet is off, and the pipes are white and connected to the faucet.",
    "task_description": "Turn on the faucet."
  },
  "93": {
    "caption": "A robot holding two metal pipes is near a faucet on a wooden table, which is located above a brown wooden floor.",
    "task_description": "Turn on the faucet."
  },
  "48": {
    "caption": "A silver robot arm with a gray joint is positioned over a silver faucet, which is located above a wooden table. The faucet is not turned on.",
    "task_description": "Turn on the faucet."
  },
  "83": {
    "caption": "A silver faucet is on a tan wooden table, with pipes connected to it. The faucet is turned off, and there is a shadow of the faucet on the table.",
    "task_description": "Turn on the faucet."
  },
  "92": {
    "caption": "A silver robot arm with a flexible joint is positioned over a wooden table, with a faucet attached to its end. The faucet is above the table, and the robot is interacting with it.",
    "task_description": "Turn on the faucet."
  },
  "22": {
    "caption": "A robot is positioned near a faucet on a wooden table, with a metal pipe and a metal fitting nearby. The faucet is located above the table, and the robot is facing the faucet.",
    "task_description": "Turn on the faucet."
  },
  "39": {
    "caption": "A silver robot arm with a flexible joint is positioned over a silver faucet, which is located above a wooden table. The faucet is not turned on.",
    "task_description": "Turn on the faucet."
  },
  "70": {
    "caption": "A silver faucet is mounted on a metal arm, which is connected to a metal pipe. The arm is attached to a wooden table. The faucet is not turned on.",
    "task_description": "Turn on the faucet."
  },
  "78": {
    "caption": "A silver robot arm with a flexible joint is positioned over a wooden table, with a faucet attached to its end. The faucet is above the table, and the robot is interacting with it.",
    "task_description": "Turn on the faucet."
  },
  "68": {
    "caption": "A robot holding a metal arm with a faucet, a wooden table with a metal pipe and faucet, and a white background.",
    "task_description": "Turn on the faucet."
  },
  "11": {
    "caption": "A robot with metal arms is holding a faucet, which is connected to a pipe. The faucet is turned off, and the floor is made of wood.",
    "task_description": "Turn on the faucet."
  },
  "3": {
    "caption": "A silver robot arm is near a faucet on a wooden table, with a metal pipe and other parts of the robot nearby.",
    "task_description": "Turn on the faucet."
  },
  "46": {
    "caption": "A silver faucet is on a tan wooden table, with pipes connected to it. The faucet is turned off, and there is a shadow of the faucet on the table.",
    "task_description": "Turn on the faucet."
  },
  "18": {
    "caption": "A robot holding two pipes is near a faucet on a wooden table, with a metal plate and a clear plastic plate nearby.",
    "task_description": "Turn on the faucet."
  },
  "15": {
    "caption": "A robot holding a metal arm with a faucet, a wooden table with a metal pipe and a metal screw, and a white background.",
    "task_description": "Turn on the faucet."
  },
  "58": {
    "caption": "A robot holding two pipes is near a faucet on a wooden table, with a shadow of the faucet on the table.",
    "task_description": "Turn on the faucet."
  },
  "8": {
    "caption": "A silver robot arm with a flexible joint is positioned over a silver faucet, which is located over a wooden table. The faucet is not turned on.",
    "task_description": "Turn on the faucet."
  },
  "51": {
    "caption": "A robot holding two metal pipes is near a faucet on a wooden table, which is connected to a metal pipe. The faucet is off, and the robot is trying to turn it on.",
    "task_description": "Turn on the faucet."
  },
  "95": {
    "caption": "A robot holding two metal pipes is near a faucet on a wooden table, which is connected to a metal pipe. The faucet is off, and the robot is trying to turn it on.",
    "task_description": "Turn on the faucet."
  },
  "65": {
    "caption": "A silver robot arm with a flexible joint is positioned over a wooden table, with a shiny metal faucet attached to it. The faucet is above the table and the robot is trying to turn it on.",
    "task_description": "Turn on the faucet."
  },
  "57": {
    "caption": "A silver robot arm is holding a metal tool in front of a silver metal faucet on a wooden table, with a white wall in the background.",
    "task_description": "Turn on the faucet."
  }
}