{
  "88": {
    "caption": "A white napkin is on a black table, with a silver edge, and a blue object is near the corner of the table.",
    "task_description": "fold"
  },
  "63": {
    "caption": "A white napkin is on a black table, with a silver edge, and a brown curtain is behind the table.",
    "task_description": "fold"
  },
  "54": {
    "caption": "A square piece of yellow paper is on a black table, with a white edge, and a white strip of paper nearby.",
    "task_description": "fold"
  },
  "70": {
    "caption": "A white piece of paper is on a black table, surrounded by silver metal edges, with a blue object in the background and a dark shadow on the table.",
    "task_description": "fold"
  },
  "95": {
    "caption": "A yellow napkin is on a black table, with a silver edge, and a blue wall in the background.",
    "task_description": "fold"
  },
  "13": {
    "caption": "A yellow napkin is placed on a black table, with a silver edge, a blue object in the corner, and a brown curtain nearby.",
    "task_description": "fold"
  },
  "55": {
    "caption": "A white napkin is on a black table, with a silver edge, and a blue object is in the background.",
    "task_description": "fold"
  },
  "23": {
    "caption": "A yellow cracker is on a black countertop, surrounded by silver metal, with a blue object and a brown wall in the background.",
    "task_description": "fold"
  },
  "3": {
    "caption": "A yellow napkin is placed on a black table, surrounded by a white border, with a brown curtain behind it and a blue object to the right.",
    "task_description": "fold"
  },
  "89": {
    "caption": "A goldfish cracker is on a black surface, surrounded by a white border, with a white wall and a brown curtain in the background.",
    "task_description": "fold"
  },
  "11": {
    "caption": "A yellow cracker is on a black countertop, surrounded by crumbs, with a white edge and a silver edge nearby, and a blue object in the background.",
    "task_description": "fold"
  },
  "47": {
    "caption": "A yellow sponge is on a black table, surrounded by a white edge, with a brown wall in the background and a blue object nearby.",
    "task_description": "fold"
  },
  "58": {
    "caption": "A white napkin is on a black countertop, with a silver edge on the counter, and a brown curtain in the background.",
    "task_description": "fold"
  },
  "66": {
    "caption": "A yellow napkin is on a black table, with a silver edge, a blue object in the background, and a brown curtain nearby.",
    "task_description": "fold"
  },
  "97": {
    "caption": "A tan napkin is placed on a black table, with a silver edge, a blue object in the corner, and a brown curtain nearby.",
    "task_description": "fold"
  },
  "90": {
    "caption": "A square cracker is on a black surface, surrounded by a silver edge, with a dark brown curtain behind it and a blue object to the right.",
    "task_description": "fold"
  },
  "4": {
    "caption": "A square-shaped, white, waffer-like object is on a black table, with a silver trim and a blue object in the background.",
    "task_description": "fold"
  },
  "73": {
    "caption": "A yellow cloth is on a black table, with a gray metal edge, a blue object in the background, and a brown curtain nearby.",
    "task_description": "fold"
  },
  "12": {
    "caption": "A gold-colored cracker is on a black table, with a white edge on the table and a brown wall behind it.",
    "task_description": "fold"
  },
  "36": {
    "caption": "A goldfish cracker is on a black table, surrounded by a white edge, with a brown wall and a blue object in the background.",
    "task_description": "fold"
  },
  "34": {
    "caption": "A tan paper is on a black table, with a blue tray and a brown wall in the background.",
    "task_description": "fold"
  },
  "68": {
    "caption": "A white folded cloth is on a black table, with a silver edge, a blue object in the corner, and a brown wall in the background.",
    "task_description": "fold"
  },
  "38": {
    "caption": "A yellow cloth is placed on a black table, with a white edge on the table and a brown curtain behind the table.",
    "task_description": "fold"
  },
  "75": {
    "caption": "A white napkin is on a black table, with a silver edge, and a brown curtain is behind the table.",
    "task_description": "fold"
  },
  "29": {
    "caption": "A square-shaped cracker is placed on a black table, surrounded by a gray metal edge, with a dark brown curtain in the background.",
    "task_description": "fold"
  },
  "67": {
    "caption": "A yellow napkin is on a black countertop, with a silver edge, a blue object in the corner, and a white edge on the countertop.",
    "task_description": "fold"
  },
  "27": {
    "caption": "A gold-bordered, square-shaped cracker is placed on a black table, with a curled-up edge and ridges on its surface.",
    "task_description": "fold"
  },
  "41": {
    "caption": "A gold-bordered cracker is on a black table, with a brown wall and a blue object in the background.",
    "task_description": "fold"
  },
  "25": {
    "caption": "A yellow piece of wax paper is on a black table, with a silver edge, a blue object, and a brown curtain in the background.",
    "task_description": "fold"
  },
  "51": {
    "caption": "A square-shaped, yellow-colored cracker is placed on a black surface, with a silver-colored edge present on the surface.",
    "task_description": "fold"
  },
  "42": {
    "caption": "A white napkin is on a black table, with a silver edge, and a brown curtain is behind the table.",
    "task_description": "fold"
  },
  "17": {
    "caption": "A gold-bordered plate with a tan napkin on a black tray, a blue bin next to the tray, and a brown wall behind them.",
    "task_description": "fold"
  },
  "87": {
    "caption": "A white cracker is on a black table, surrounded by a silver edge, with a blue object and a brown object nearby.",
    "task_description": "fold"
  },
  "53": {
    "caption": "A yellow paper is on a black table, with a silver edge and a blue wall in the background.",
    "task_description": "fold"
  },
  "44": {
    "caption": "A square cracker is on a black table, surrounded by a silver edge, with a dark brown curtain behind it and a blue object to the right.",
    "task_description": "fold"
  },
  "46": {
    "caption": "A yellow cracker is on a black table, surrounded by crumbs, with a white edge and a silver trim.",
    "task_description": "fold"
  },
  "79": {
    "caption": "A white napkin is on a black countertop, with a silver edge on the counter, and a blue object in the background.",
    "task_description": "fold"
  },
  "7": {
    "caption": "A yellow napkin is on a black table, with a silver edge, and a blue object is near the corner of the table.",
    "task_description": "fold"
  },
  "99": {
    "caption": "A square-shaped cracker is placed on a black table, surrounded by a metal edge and a brown curtain, with a silver edge on the table's side.",
    "task_description": "fold"
  },
  "94": {
    "caption": "A yellow napkin is on a black table, with a white edge on the table, a blue object in the background, and a silver edge on the table.",
    "task_description": "fold"
  },
  "93": {
    "caption": "A goldfish cracker is on a black table with a white edge, and a blue object is seen in the corner.",
    "task_description": "fold"
  },
  "96": {
    "caption": "A white napkin is on a black counter, with a blue object in the background and a white edge on the counter.",
    "task_description": "fold"
  },
  "16": {
    "caption": "A goldfish cracker is on a black surface, surrounded by a dark gray area, a white edge, and a blue object in the background.",
    "task_description": "fold"
  },
  "80": {
    "caption": "A yellow napkin is on a black table, with a white edge on the table, a blue object in the background, and a silver edge on the table.",
    "task_description": "fold"
  },
  "84": {
    "caption": "A white napkin is on a black countertop, with a silver edge on the counter, and a blue object in the background.",
    "task_description": "fold"
  },
  "98": {
    "caption": "A white napkin is on a black table, with a silver edge, and a blue object is in the corner.",
    "task_description": "fold"
  },
  "76": {
    "caption": "A yellow cloth is placed on a black table, surrounded by white lines, with a gray edge and a blue object nearby.",
    "task_description": "fold"
  },
  "81": {
    "caption": "A white cracker is on a black surface, surrounded by crumbs, with a dark brown curtain behind it and a blue object to the right.",
    "task_description": "fold"
  },
  "20": {
    "caption": "A gold-bordered chip is on a black table, with a yellow paper on top of it, and a brown curtain in the background.",
    "task_description": "fold"
  },
  "37": {
    "caption": "A goldfish cracker is on a black table, with a silver edge, a blue object in the corner, and a brown curtain nearby.",
    "task_description": "fold"
  },
  "92": {
    "caption": "A white napkin is placed on a black table, with a silver edge, a blue object in the corner, and a brown curtain nearby.",
    "task_description": "fold"
  },
  "26": {
    "caption": "A yellow napkin is placed on a black table, with a silver edge, a blue object in the corner, and a brown curtain nearby.",
    "task_description": "fold"
  },
  "22": {
    "caption": "A yellow crinkled wax paper is placed on a black countertop, with a silver edge and specks of dust, and a blue object is in the background.",
    "task_description": "fold"
  },
  "0": {
    "caption": "A yellow napkin is placed on a black table, surrounded by a white edge, with a blue curtain behind it and a white wall nearby.",
    "task_description": "fold"
  },
  "43": {
    "caption": "A yellow napkin is on a black table, with a silver edge, and a brown curtain is behind the table.",
    "task_description": "fold"
  },
  "6": {
    "caption": "A yellow napkin is on a black table, with a silver edge, and a blue object is in the corner.",
    "task_description": "fold"
  },
  "48": {
    "caption": "A yellow napkin is placed on a black table, surrounded by a white edge, with a blue object in the background and a brown curtain nearby.",
    "task_description": "fold"
  },
  "35": {
    "caption": "A yellow cloth is placed on a black table, with a white edge on the table and a white wall behind it.",
    "task_description": "fold"
  },
  "19": {
    "caption": "A yellow napkin is on a black table, with a silver edge, and a blue object is on the table's side.",
    "task_description": "fold"
  },
  "5": {
    "caption": "A gold-colored paper is on a black table, with a white edge on the table and a curled edge on the paper.",
    "task_description": "fold"
  },
  "24": {
    "caption": "A gold-colored chip is on a black table, with a white napkin and a blue object nearby, and a brown curtain in the background.",
    "task_description": "fold"
  },
  "30": {
    "caption": "A white napkin is placed on a black table, with a silver edge, a blue object in the corner, and a brown curtain nearby.",
    "task_description": "fold"
  },
  "9": {
    "caption": "A gold-colored cracker is on a black table, with a silver edge and a blue object nearby, and a brown curtain in the background.",
    "task_description": "fold"
  },
  "83": {
    "caption": "A white cracker is on a black table, with a dark brown wall behind it and a blue object to the right.",
    "task_description": "fold"
  },
  "28": {
    "caption": "A square piece of yellow wax paper is placed on a black table, with a gray metal edge and a blue object in the corner.",
    "task_description": "fold"
  },
  "71": {
    "caption": "A yellow cracker is on a black table, surrounded by a silver edge, with a dark brown curtain behind it and a blue object to the right.",
    "task_description": "fold"
  },
  "45": {
    "caption": "A white square cracker is on a black table, surrounded by a silver border, with a blue object in the background and a brown curtain nearby.",
    "task_description": "fold"
  },
  "39": {
    "caption": "A gold-bordered cracker is on a black surface, with a blue object and a brown curtain behind it.",
    "task_description": "fold"
  },
  "85": {
    "caption": "A white napkin is on a black countertop, with a silver edge, a blue object in the corner, and a brown curtain nearby.",
    "task_description": "fold"
  },
  "40": {
    "caption": "A tan-colored pastry is placed on a black countertop, with a blue object and a brown object nearby, and a silver edge on the side of the countertop.",
    "task_description": "fold"
  },
  "86": {
    "caption": "A square-shaped cracker is on a black surface, with a white edge and a white spot nearby, and a blue object in the corner.",
    "task_description": "fold"
  },
  "49": {
    "caption": "A yellow napkin is on a black table, with a white table edge, a brown curtain, and a blue object in the background.",
    "task_description": "fold"
  },
  "8": {
    "caption": "A yellow napkin is on a black table, with a silver edge, and a brown curtain is behind the table.",
    "task_description": "fold"
  },
  "57": {
    "caption": "A white napkin is on a black table, with a blue wall in the background, and a silver border on the table.",
    "task_description": "fold"
  },
  "69": {
    "caption": "A white napkin is on a black table, with a silver edge, and a blue object is in the corner.",
    "task_description": "fold"
  },
  "14": {
    "caption": "A gold-bordered table has a black surface with a white strip, a blue object, and a yellow piece of paper on it.",
    "task_description": "fold"
  },
  "82": {
    "caption": "A white cracker is on a black surface, with a blue object in the background and a brown curtain behind the surface.",
    "task_description": "fold"
  },
  "15": {
    "caption": "A gold-bordered cookie lies on a black table, with a white cardboard holder nearby and a brown curtain in the background.",
    "task_description": "fold"
  },
  "65": {
    "caption": "A gold-colored piece of paper is on a black table, with a white metal edge and black screws nearby, and a dark gray wall in the background.",
    "task_description": "fold"
  },
  "72": {
    "caption": "A yellow cracker is on a black table, with a white napkin and a blue object in the background.",
    "task_description": "fold"
  },
  "1": {
    "caption": "A gold-bordered cracker is on a black table, with a blue object and a brown curtain behind it, and a silver edge on the table.",
    "task_description": "fold"
  },
  "74": {
    "caption": "A tan-colored napkin is placed on a black table, with a white edge on the table and a blue object in the background.",
    "task_description": "fold"
  },
  "50": {
    "caption": "A gold-bordered chip is on a black table, with a white wall and brown shelf in the background.",
    "task_description": "fold"
  },
  "59": {
    "caption": "A yellow cracker is on a black table, with a white edge on the table, a brown curtain behind the table, and a blue object beside the table.",
    "task_description": "fold"
  },
  "31": {
    "caption": "A yellow napkin is on a black table, with a silver edge, and a blue object is on the table's side.",
    "task_description": "fold"
  },
  "32": {
    "caption": "A yellow napkin is placed on a black table, with a silver edge, a blue object in the corner, and a brown curtain nearby.",
    "task_description": "fold"
  },
  "56": {
    "caption": "A white napkin is placed on a black table, surrounded by a silver border, with a blue object in the background.",
    "task_description": "fold"
  },
  "2": {
    "caption": "A gold-colored paper is on a black table, with a white edge, and a brown curtain behind the table.",
    "task_description": "fold"
  },
  "91": {
    "caption": "A yellow napkin is placed on a black table, surrounded by a silver border, with a blue object in the background.",
    "task_description": "fold"
  },
  "61": {
    "caption": "A black table with a silver edge holds a yellow piece of paper, while a blue object is located near the corner of the table.",
    "task_description": "fold"
  },
  "78": {
    "caption": "A yellow napkin is on a black table, with a silver edge, and a blue object is on the table's side.",
    "task_description": "fold"
  },
  "62": {
    "caption": "A yellow napkin is on a black table, with a blue wall in the background and a brown curtain behind the table.",
    "task_description": "fold"
  },
  "10": {
    "caption": "A yellow napkin is on a black countertop, with a silver edge, a blue object in the corner, and a brown curtain nearby.",
    "task_description": "fold"
  },
  "52": {
    "caption": "A yellow napkin is on a black countertop, with a silver edge, a blue object in the corner, and a brown wall in the background.",
    "task_description": "fold"
  },
  "64": {
    "caption": "A white napkin is on a black table, with a silver edge, and a brown curtain is behind the table.",
    "task_description": "fold"
  },
  "18": {
    "caption": "A tan paper napkin is on a black table, with a silver edge, a blue object in the corner, and a brown curtain nearby.",
    "task_description": "fold"
  },
  "60": {
    "caption": "A yellow napkin is on a black table, with a white edge on the table, a blue wall in the background, and a silver edge on the table.",
    "task_description": "fold"
  },
  "21": {
    "caption": "A yellow cracker is on a black countertop, surrounded by a silver border, with a brown wall and a blue object in the background.",
    "task_description": "fold"
  },
  "77": {
    "caption": "A yellow napkin is on a black countertop, surrounded by silver metal edges, with a blue object in the background.",
    "task_description": "fold"
  },
  "33": {
    "caption": "A yellow napkin is on a black table, with a silver edge, and a blue object is on the table's side.",
    "task_description": "fold"
  }
}